ISO-10303-21;
HEADER;
/******************************************************
* STEP Physical File produced by: That Open Engine WebIfc 0.0.77
* Module: web-ifc/IfcLoader
* Version: 0.0.77
* Source: https://github.com/ThatOpen/engine_web-ifc
* Issues: https://github.com/ThatOpen/engine_web-ifc/issues
******************************************************/
FILE_DESCRIPTION(('ViewDefinition [ReferenceView_v1.2]'),'2;1');
FILE_NAME('web-ifc-model-0.ifc','2026-08-29T09:44:44',(''),(''),'thatopen/web-ifc-api','thatopen/web-ifc-api','');
FILE_SCHEMA(('IFC4X3'));
ENDSEC;
DATA;
#1136=IFCRELDEFINESBYTYPE('36er6wSO9PwxTgaPmtw_Dr',#6,$,$,(#1068,#1085),#1135);
#1135=IFCRAILINGTYPE('02Md_W4k5HlOPkY5OVSJNB',#6,'Railing Type',$,$,$,$,$,$,.GUARDRAIL.);
#1134=IFCRELDEFINESBYTYPE('1wV13fiyXHtB_ToAz12A7A',#6,$,$,(#900,#924,#948,#972,#996,#1020,#1044),#1133);
#1133=IFCFOOTINGTYPE('1yosxxXSzT8ea3mTtFc8iy',#6,'Footing Type',$,$,$,$,$,$,.PAD_FOOTING.);
#1132=IFCRELDEFINESBYTYPE('1fxkzBn6PVxfwjz9tTri38',#6,$,$,(#579,#602,#625,#648,#671,#694,#717),#1131);
#1131=IFCCOLUMNTYPE('0Bh2FfClLOK8c7$e_2T0jE',#6,'Column Type',$,$,$,$,$,$,.COLUMN.);
#1130=IFCRELDEFINESBYTYPE('1rY1hzKBvLt9QqjSTt3wgc',#6,$,$,(#387,#410,#433,#456,#479,#502,#529,#556),#1129);
#1129=IFCBEAMTYPE('0I9z3pIN5NBepmCq5wKeMy',#6,'Beam Type',$,$,$,$,$,$,.BEAM.);
#1128=IFCRELDEFINESBYTYPE('0yxueJwCHOp8Vvlr7KJoRY',#6,$,$,(#306,#333,#360),#1127);
#1127=IFCSLABTYPE('3ikZRDwQjSchtBN0TuhJli',#6,'Slab Type',$,$,$,$,$,$,.FLOOR.);
#1126=IFCRELDEFINESBYTYPE('3mT59zJr9Pf9kYEbD6st7Q',#6,$,$,(#182,#214,#246,#278),#1125);
#1125=IFCWALLTYPE('1yoF0VWBjIefDIgM4pW924',#6,'Wall Type',$,$,$,$,$,$,.NOTDEFINED.);
#1124=IFCRELASSOCIATESMATERIAL('3RTpejYCbKsAFWWTS0bQ$w',#6,$,$,(#773,#783,#833,#843),#1123);
#1123=IFCMATERIAL('metal_copper_generic',$,$);
#1122=IFCRELASSOCIATESMATERIAL('3EZEm53RrQH8xOsuFras0I',#6,$,$,(#853,#863,#873,#883),#1121);
#1121=IFCMATERIAL('bulk-material_soil_generic',$,$);
#1120=IFCRELASSOCIATESMATERIAL('1Oaa9nUy9KdAJJjtU7ZZMw',#6,$,$,(#333,#360),#1119);
#1119=IFCMATERIAL('concrete_reinforced_prefab',$,$);
#1118=IFCRELASSOCIATESMATERIAL('3PY80eYhTUtP79rRBoX53F',#6,$,$,(#900,#924,#948,#529,#556,#972,#996,#1020,#1044),#1117);
#1117=IFCMATERIAL('concrete_reinforced_in-situ',$,$);
#1116=IFCRELASSOCIATESMATERIAL('3RY8DEYBTRju$9qepqX5Fr',#6,$,$,(#579,#602,#625,#733,#743,#753,#763,#182,#214,#648,#671,#793,#803,#813,#823,#246,#278,#694,#717),#1115);
#1115=IFCMATERIAL('stone_granite_masonry',$,$);
#1114=IFCRELASSOCIATESMATERIAL('3WY8ijWxTJs8p9pTFlX4mM',#6,$,$,(#387,#410,#433,#456,#479,#502,#306,#1068,#1085),#1113);
#1113=IFCMATERIAL('wood-generic',$,$);
#1112=IFCRELCONTAINEDINSPATIALSTRUCTURE('071tI_NCfJ_v0Rn12avvUr',#6,$,$,(#717,#1044),#161);
#1111=IFCRELCONTAINEDINSPATIALSTRUCTURE('253lRTJhXKq9OOnMkcz6RE',#6,$,$,(#694,#1020),#155);
#1110=IFCRELCONTAINEDINSPATIALSTRUCTURE('0553sBNhrRBgOKOMqkxoou',#6,$,$,(#873,#883,#793,#803,#813,#823,#833,#843,#246,#278),#143);
#1109=IFCRELCONTAINEDINSPATIALSTRUCTURE('074W8QpC1Mxw0HJ_GqyNJ1',#6,$,$,(#671,#996),#137);
#1108=IFCRELCONTAINEDINSPATIALSTRUCTURE('2oEfawBpzQCPwGMkXJv8a$',#6,$,$,(#648,#972),#131);
#1107=IFCRELCONTAINEDINSPATIALSTRUCTURE('0YKqvmDs9P2wwp1bfBmUfb',#6,$,$,(#853,#863,#733,#743,#753,#763,#773,#783,#182,#214),#119);
#1106=IFCRELCONTAINEDINSPATIALSTRUCTURE('0cLPDJDrzQTAwrHF57lwM2',#6,$,$,(#556),#113);
#1105=IFCRELCONTAINEDINSPATIALSTRUCTURE('0hLPioDbzOuQ_rHeH2lvsZ',#6,$,$,(#360),#107);
#1104=IFCRELCONTAINEDINSPATIALSTRUCTURE('2rMBC7g5nQm9sjfEbOndmA',#6,$,$,(#529),#101);
#1103=IFCRELCONTAINEDINSPATIALSTRUCTURE('2mMAiehLnIdw2jgQ9LndTH',#6,$,$,(#333),#95);
#1102=IFCRELCONTAINEDINSPATIALSTRUCTURE('2qMl0BfLfNSA2lw3b9n2NM',#6,$,$,(#306,#1068,#1085),#89);
#1101=IFCRELCONTAINEDINSPATIALSTRUCTURE('2qIQRggLXV9QoeTTZPoyHB',#6,$,$,(#456,#479,#502),#83);
#1100=IFCRELCONTAINEDINSPATIALSTRUCTURE('2iIzZfDLLPyg2hQmlHoNaS',#6,$,$,(#433,#625,#948),#77);
#1099=IFCRELCONTAINEDINSPATIALSTRUCTURE('2qI_M1FLLMYfYhNdFPoOMq',#6,$,$,(#410,#602,#924),#71);
#1098=IFCRELCONTAINEDINSPATIALSTRUCTURE('2uJYfaDLDRMwYZybvDqFWL',#6,$,$,(#387,#579,#900),#65);
#1097=IFCRELAGGREGATES('2whyf7dU9LNf1t46c38J6W',#6,$,$,#149,(#155,#161));
#1096=IFCRELAGGREGATES('32j5GD3UTIt8XoXgCR712w',#6,$,$,#53,(#143,#149));
#1095=IFCRELAGGREGATES('0kjpoeaUHH4PHqs1uF6Ry$',#6,$,$,#35,(#53));
#1094=IFCRELAGGREGATES('2cMhrIX5nV8QTRQ4GTiqfR',#6,$,$,#125,(#131,#137));
#1093=IFCRELAGGREGATES('2sVMZ4X4rKbvzqAX8bmc5z',#6,$,$,#47,(#119,#125));
#1092=IFCRELAGGREGATES('2gUnT9W4zSugDnySSHn82O',#6,$,$,#29,(#47));
#1091=IFCRELAGGREGATES('2mUo2xXazML9rnw5KBn7Sc',#6,$,$,#107,(#113));
#1090=IFCRELAGGREGATES('0dU0fvyr9GWgXujMkSlGoa',#6,$,$,#95,(#101));
#1089=IFCRELAGGREGATES('0hCcYJ50XSphbwCHd1mZ4i',#6,$,$,#59,(#65,#71,#77));
#1088=IFCRELAGGREGATES('0vCdwT3WXJN8DwGDV7mZgU',#6,$,$,#41,(#59,#83,#89,#95,#107));
#1087=IFCRELAGGREGATES('0tCdjt40XMWeLwG$t5mZTu',#6,$,$,#23,(#41));
#1086=IFCRELAGGREGATES('0rCdXH2WXT4BzwEelBma3g',#6,$,$,#17,(#23,#29,#35));
#1085=IFCRAILING('2Ez1PBbCjLM9LCpArsxz6I',#6,'Railing 2',$,$,#1073,#1084,$,$);
#1084=IFCPRODUCTDEFINITIONSHAPE($,$,(#1083));
#1083=IFCSHAPEREPRESENTATION(#16,'Body','SweptSolid',(#1082));
#1082=IFCEXTRUDEDAREASOLID(#1076,#1080,#1081,9.909);
#1081=IFCDIRECTION((0.,0.,1.));
#1080=IFCAXIS2PLACEMENT3D(#1077,#1078,#1079);
#1079=IFCDIRECTION((0.,1.,0.));
#1078=IFCDIRECTION((1.,0.,0.));
#1077=IFCCARTESIANPOINT((0.,0.,0.));
#1076=IFCRECTANGLEPROFILEDEF(.AREA.,$,#1075,0.290055,0.956);
#1075=IFCAXIS2PLACEMENT2D(#1074,$);
#1074=IFCCARTESIANPOINT((0.1450275,0.478));
#1073=IFCLOCALPLACEMENT(#88,#1072);
#1072=IFCAXIS2PLACEMENT3D(#1069,#1070,#1071);
#1071=IFCDIRECTION((-1.,1.1102230246251565E-16,0.));
#1070=IFCDIRECTION((0.,0.,1.));
#1069=IFCCARTESIANPOINT((4.9455,-1.684,0.));
#1068=IFCRAILING('2Fz1VUbyjQ4P9Cn$Hrxy$$',#6,'Railing 1',$,$,#1056,#1067,$,$);
#1067=IFCPRODUCTDEFINITIONSHAPE($,$,(#1066));
#1066=IFCSHAPEREPRESENTATION(#16,'Body','SweptSolid',(#1065));
#1065=IFCEXTRUDEDAREASOLID(#1059,#1063,#1064,9.909);
#1064=IFCDIRECTION((0.,0.,1.));
#1063=IFCAXIS2PLACEMENT3D(#1060,#1061,#1062);
#1062=IFCDIRECTION((0.,1.,0.));
#1061=IFCDIRECTION((1.,0.,0.));
#1060=IFCCARTESIANPOINT((0.,0.,0.));
#1059=IFCRECTANGLEPROFILEDEF(.AREA.,$,#1058,0.290055,0.956);
#1058=IFCAXIS2PLACEMENT2D(#1057,$);
#1057=IFCCARTESIANPOINT((0.1450275,0.478));
#1056=IFCLOCALPLACEMENT(#88,#1055);
#1055=IFCAXIS2PLACEMENT3D(#1052,#1053,#1054);
#1054=IFCDIRECTION((1.,0.,0.));
#1053=IFCDIRECTION((0.,0.,1.));
#1052=IFCCARTESIANPOINT((4.9455,1.684,0.));
#1051=IFCRELDEFINESBYPROPERTIES('0waTUWv0zR1u5tdzBZRKxH',#6,$,$,(#1044),#1050);
#1050=IFCELEMENTQUANTITY('0xaTapumzPT89teMNYRKq_',#6,'Qto_FootingBaseQuantities',$,'BaseQuantities',(#1045,#1046,#1047,#1048,#1049));
#1049=IFCQUANTITYVOLUME('NetVolume',$,$,22.400000000000002,$);
#1048=IFCQUANTITYVOLUME('GrossVolume',$,$,22.400000000000002,$);
#1047=IFCQUANTITYLENGTH('Height',$,$,1.,$);
#1046=IFCQUANTITYLENGTH('Width',$,$,3.5,$);
#1045=IFCQUANTITYLENGTH('Length',$,$,6.4,$);
#1044=IFCFOOTING('1uOjfTRtbQL8h7LlVxLSdU',#6,'Footing 7',$,$,#1032,#1043,$,$);
#1043=IFCPRODUCTDEFINITIONSHAPE($,$,(#1042));
#1042=IFCSHAPEREPRESENTATION(#16,'Body','SweptSolid',(#1041));
#1041=IFCEXTRUDEDAREASOLID(#1035,#1039,#1040,1.);
#1040=IFCDIRECTION((0.,0.,1.));
#1039=IFCAXIS2PLACEMENT3D(#1036,#1037,#1038);
#1038=IFCDIRECTION((1.,0.,0.));
#1037=IFCDIRECTION((0.,0.,1.));
#1036=IFCCARTESIANPOINT((0.,0.,0.));
#1035=IFCRECTANGLEPROFILEDEF(.AREA.,$,#1034,6.4,3.5);
#1034=IFCAXIS2PLACEMENT2D(#1033,$);
#1033=IFCCARTESIANPOINT((3.2,1.75));
#1032=IFCLOCALPLACEMENT(#160,#1031);
#1031=IFCAXIS2PLACEMENT3D(#1028,#1029,#1030);
#1030=IFCDIRECTION((0.,-1.,0.));
#1029=IFCDIRECTION((0.,0.,1.));
#1028=IFCCARTESIANPOINT((3.637978807091713E-15,2.2,0.));
#1027=IFCRELDEFINESBYPROPERTIES('10b1_fOWnVoejmAajbOK_4',#6,$,$,(#1020),#1026);
#1026=IFCELEMENTQUANTITY('0$b1uMOmnHNOfmABXcOL4N',#6,'Qto_FootingBaseQuantities',$,'BaseQuantities',(#1021,#1022,#1023,#1024,#1025));
#1025=IFCQUANTITYVOLUME('NetVolume',$,$,22.400000000000002,$);
#1024=IFCQUANTITYVOLUME('GrossVolume',$,$,22.400000000000002,$);
#1023=IFCQUANTITYLENGTH('Height',$,$,1.,$);
#1022=IFCQUANTITYLENGTH('Width',$,$,3.5,$);
#1021=IFCQUANTITYLENGTH('Length',$,$,6.4,$);
#1020=IFCFOOTING('2$NqGOMtrMcQwBdIOtOwdl',#6,'Footing 6',$,$,#1008,#1019,$,$);
#1019=IFCPRODUCTDEFINITIONSHAPE($,$,(#1018));
#1018=IFCSHAPEREPRESENTATION(#16,'Body','SweptSolid',(#1017));
#1017=IFCEXTRUDEDAREASOLID(#1011,#1015,#1016,1.);
#1016=IFCDIRECTION((0.,0.,1.));
#1015=IFCAXIS2PLACEMENT3D(#1012,#1013,#1014);
#1014=IFCDIRECTION((1.,0.,0.));
#1013=IFCDIRECTION((0.,0.,1.));
#1012=IFCCARTESIANPOINT((0.,0.,0.));
#1011=IFCRECTANGLEPROFILEDEF(.AREA.,$,#1010,6.4,3.5);
#1010=IFCAXIS2PLACEMENT2D(#1009,$);
#1009=IFCCARTESIANPOINT((3.2,1.75));
#1008=IFCLOCALPLACEMENT(#154,#1007);
#1007=IFCAXIS2PLACEMENT3D(#1004,#1005,#1006);
#1006=IFCDIRECTION((0.,-1.,0.));
#1005=IFCDIRECTION((0.,0.,1.));
#1004=IFCCARTESIANPOINT((0.,2.2,0.));
#1003=IFCRELDEFINESBYPROPERTIES('3CcNaxJWXJ88TgtL7HPdQs',#6,$,$,(#996),#1002);
#1002=IFCELEMENTQUANTITY('3BcNUeJmXKiuPgsxxIPdX9',#6,'Qto_FootingBaseQuantities',$,'BaseQuantities',(#997,#998,#999,#1000,#1001));
#1001=IFCQUANTITYVOLUME('NetVolume',$,$,22.400000000000002,$);
#1000=IFCQUANTITYVOLUME('GrossVolume',$,$,22.400000000000002,$);
#999=IFCQUANTITYLENGTH('Height',$,$,1.,$);
#998=IFCQUANTITYLENGTH('Width',$,$,3.5,$);
#997=IFCQUANTITYLENGTH('Length',$,$,6.4,$);
#996=IFCFOOTING('0D46F7QCDL7fNKAO7a3z5G',#6,'Footing 5',$,$,#984,#995,$,$);
#995=IFCPRODUCTDEFINITIONSHAPE($,$,(#994));
#994=IFCSHAPEREPRESENTATION(#16,'Body','SweptSolid',(#993));
#993=IFCEXTRUDEDAREASOLID(#987,#991,#992,1.);
#992=IFCDIRECTION((0.,0.,1.));
#991=IFCAXIS2PLACEMENT3D(#988,#989,#990);
#990=IFCDIRECTION((1.,0.,0.));
#989=IFCDIRECTION((0.,0.,1.));
#988=IFCCARTESIANPOINT((0.,0.,0.));
#987=IFCRECTANGLEPROFILEDEF(.AREA.,$,#986,6.4,3.5);
#986=IFCAXIS2PLACEMENT2D(#985,$);
#985=IFCCARTESIANPOINT((3.2,1.75));
#984=IFCLOCALPLACEMENT(#136,#983);
#983=IFCAXIS2PLACEMENT3D(#980,#981,#982);
#982=IFCDIRECTION((0.,-1.,0.));
#981=IFCDIRECTION((0.,0.,1.));
#980=IFCCARTESIANPOINT((0.,2.2,0.));
#979=IFCRELDEFINESBYPROPERTIES('1EDRs2vBjRFvq4DYHaMn4n',#6,$,$,(#972),#978);
#978=IFCELEMENTQUANTITY('1FDRyLuxjPh9u4DxTZMm_U',#6,'Qto_FootingBaseQuantities',$,'BaseQuantities',(#973,#974,#975,#976,#977));
#977=IFCQUANTITYVOLUME('NetVolume',$,$,22.400000000000002,$);
#976=IFCQUANTITYVOLUME('GrossVolume',$,$,22.400000000000002,$);
#975=IFCQUANTITYLENGTH('Height',$,$,1.,$);
#974=IFCQUANTITYLENGTH('Width',$,$,3.5,$);
#973=IFCQUANTITYLENGTH('Length',$,$,6.4,$);
#972=IFCFOOTING('3v55CsLM9PBvzI$HmmfDer',#6,'Footing 4',$,$,#960,#971,$,$);
#971=IFCPRODUCTDEFINITIONSHAPE($,$,(#970));
#970=IFCSHAPEREPRESENTATION(#16,'Body','SweptSolid',(#969));
#969=IFCEXTRUDEDAREASOLID(#963,#967,#968,1.);
#968=IFCDIRECTION((0.,0.,1.));
#967=IFCAXIS2PLACEMENT3D(#964,#965,#966);
#966=IFCDIRECTION((1.,0.,0.));
#965=IFCDIRECTION((0.,0.,1.));
#964=IFCCARTESIANPOINT((0.,0.,0.));
#963=IFCRECTANGLEPROFILEDEF(.AREA.,$,#962,6.4,3.5);
#962=IFCAXIS2PLACEMENT2D(#961,$);
#961=IFCCARTESIANPOINT((3.2,1.75));
#960=IFCLOCALPLACEMENT(#130,#959);
#959=IFCAXIS2PLACEMENT3D(#956,#957,#958);
#958=IFCDIRECTION((0.,-1.,0.));
#957=IFCDIRECTION((0.,0.,1.));
#956=IFCCARTESIANPOINT((0.,2.2000000000000073,0.));
#955=IFCRELDEFINESBYPROPERTIES('0_EY60NC1LLQJ$nOxiLTSR',#6,$,$,(#948),#954);
#954=IFCELEMENTQUANTITY('0$EYCJMy1JmgN$no7hLTM8',#6,'Qto_FootingBaseQuantities',$,'BaseQuantities',(#949,#950,#951,#952,#953));
#953=IFCQUANTITYVOLUME('NetVolume',$,$,7.35,$);
#952=IFCQUANTITYVOLUME('GrossVolume',$,$,7.35,$);
#951=IFCQUANTITYLENGTH('Height',$,$,0.7,$);
#950=IFCQUANTITYLENGTH('Width',$,$,2.1,$);
#949=IFCQUANTITYLENGTH('Length',$,$,5.,$);
#948=IFCFOOTING('2I31318DDJe8q4l6yRpr3M',#6,'Footing 3',$,$,#936,#947,$,$);
#947=IFCPRODUCTDEFINITIONSHAPE($,$,(#946));
#946=IFCSHAPEREPRESENTATION(#16,'Body','SweptSolid',(#945));
#945=IFCEXTRUDEDAREASOLID(#939,#943,#944,0.7);
#944=IFCDIRECTION((0.,0.,1.));
#943=IFCAXIS2PLACEMENT3D(#940,#941,#942);
#942=IFCDIRECTION((1.,0.,0.));
#941=IFCDIRECTION((0.,0.,1.));
#940=IFCCARTESIANPOINT((0.,0.,0.));
#939=IFCRECTANGLEPROFILEDEF(.AREA.,$,#938,5.,2.1);
#938=IFCAXIS2PLACEMENT2D(#937,$);
#937=IFCCARTESIANPOINT((2.5,1.05));
#936=IFCLOCALPLACEMENT(#76,#935);
#935=IFCAXIS2PLACEMENT3D(#932,#933,#934);
#934=IFCDIRECTION((1.,0.,0.));
#933=IFCDIRECTION((0.,0.,1.));
#932=IFCCARTESIANPOINT((0.,0.,-3.042321));
#931=IFCRELDEFINESBYPROPERTIES('2_A_1sLB5UCvpwSaZaKKrL',#6,$,$,(#924),#930);
#930=IFCELEMENTQUANTITY('2$A_89Kx5Se9twSzlZKKl2',#6,'Qto_FootingBaseQuantities',$,'BaseQuantities',(#925,#926,#927,#928,#929));
#929=IFCQUANTITYVOLUME('NetVolume',$,$,7.35,$);
#928=IFCQUANTITYVOLUME('GrossVolume',$,$,7.35,$);
#927=IFCQUANTITYLENGTH('Height',$,$,0.7,$);
#926=IFCQUANTITYLENGTH('Width',$,$,2.1,$);
#925=IFCQUANTITYLENGTH('Length',$,$,5.,$);
#924=IFCFOOTING('24EiXg$8vStwSQyt2FqZ3j',#6,'Footing 2',$,$,#912,#923,$,$);
#923=IFCPRODUCTDEFINITIONSHAPE($,$,(#922));
#922=IFCSHAPEREPRESENTATION(#16,'Body','SweptSolid',(#921));
#921=IFCEXTRUDEDAREASOLID(#915,#919,#920,0.7);
#920=IFCDIRECTION((0.,0.,1.));
#919=IFCAXIS2PLACEMENT3D(#916,#917,#918);
#918=IFCDIRECTION((1.,0.,0.));
#917=IFCDIRECTION((0.,0.,1.));
#916=IFCCARTESIANPOINT((0.,0.,0.));
#915=IFCRECTANGLEPROFILEDEF(.AREA.,$,#914,5.,2.1);
#914=IFCAXIS2PLACEMENT2D(#913,$);
#913=IFCCARTESIANPOINT((2.5,1.05));
#912=IFCLOCALPLACEMENT(#70,#911);
#911=IFCAXIS2PLACEMENT3D(#908,#909,#910);
#910=IFCDIRECTION((1.,0.,0.));
#909=IFCDIRECTION((0.,0.,1.));
#908=IFCCARTESIANPOINT((0.,0.,-3.042321));
#907=IFCRELDEFINESBYPROPERTIES('30BY8pwhbM6fBotKLUJZlC',#6,$,$,(#900),#906);
#906=IFCELEMENTQUANTITY('2$BY2WwxbNhP7osx9VJZrV',#6,'Qto_FootingBaseQuantities',$,'BaseQuantities',(#901,#902,#903,#904,#905));
#905=IFCQUANTITYVOLUME('NetVolume',$,$,7.35,$);
#904=IFCQUANTITYVOLUME('GrossVolume',$,$,7.35,$);
#903=IFCQUANTITYLENGTH('Height',$,$,0.7,$);
#902=IFCQUANTITYLENGTH('Width',$,$,2.1,$);
#901=IFCQUANTITYLENGTH('Length',$,$,5.,$);
#900=IFCFOOTING('0NLXZBdCfVJf3z3DLRwGae',#6,'Footing 1',$,$,#888,#899,$,$);
#899=IFCPRODUCTDEFINITIONSHAPE($,$,(#898));
#898=IFCSHAPEREPRESENTATION(#16,'Body','SweptSolid',(#897));
#897=IFCEXTRUDEDAREASOLID(#891,#895,#896,0.7);
#896=IFCDIRECTION((0.,0.,1.));
#895=IFCAXIS2PLACEMENT3D(#892,#893,#894);
#894=IFCDIRECTION((1.,0.,0.));
#893=IFCDIRECTION((0.,0.,1.));
#892=IFCCARTESIANPOINT((0.,0.,0.));
#891=IFCRECTANGLEPROFILEDEF(.AREA.,$,#890,5.,2.1);
#890=IFCAXIS2PLACEMENT2D(#889,$);
#889=IFCCARTESIANPOINT((2.5,1.05));
#888=IFCLOCALPLACEMENT(#64,#887);
#887=IFCAXIS2PLACEMENT3D(#884,#885,#886);
#886=IFCDIRECTION((1.,0.,0.));
#885=IFCDIRECTION((0.,0.,1.));
#884=IFCCARTESIANPOINT((0.,0.,-3.042321));
#883=IFCEARTHWORKSFILL('38JQ0p7MvKigDIjZ5nmld0',#6,'Rail bridge fill',$,$,#878,#882,$,.EMBANKMENT.);
#882=IFCPRODUCTDEFINITIONSHAPE($,$,(#881));
#881=IFCSHAPEREPRESENTATION(#16,'Body','Tessellation',(#880));
#880=IFCTRIANGULATEDFACESET(#879,$,.T.,((4,1,2),(4,2,3),(8,5,6),(8,6,7),(9,10,11),(12,9,11),(13,14,15),(16,13,15),(20,17,18),(20,18,19),(21,22,23),(24,21,23),(25,26,27),(28,25,27),(32,29,30),(32,30,31),(33,34,35),(36,33,35),(37,38,39),(40,37,39),(44,41,42),(44,42,43),(48,45,46),(48,46,47),(52,49,50),(52,50,51),(62,55,56),(61,56,57),(61,62,56),(63,55,62),(60,57,58),(60,61,57),(64,54,55),(64,55,63),(59,60,58),(65,53,54),(65,54,64),(68,75,69),(69,74,70),(75,74,69),(68,76,75),(70,73,71),(74,73,70),(67,77,68),(68,77,76),(73,72,71),(66,78,67),(67,78,77)),$);
#879=IFCCARTESIANPOINTLIST3D(((-7.275957614183426E-15,-1.75,7.37458203125),(-7.275957614183426E-15,1.75,7.37458203125),(1.32175927734375,1.75,7.2325791015625),(1.32175927734375,-1.75,7.2325791015625),(1.32175927734375,-1.75,7.2325791015625),(1.32175927734375,1.75,7.2325791015625),(2.514073974609375,1.75,6.829412109375),(2.514073974609375,-1.75,6.829412109375),(2.514073974609375,-1.75,6.829412109375),(2.514073974609375,1.75,6.829412109375),(3.5275,1.75,6.19934326171875),(3.5275,-1.75,6.19934326171875),(3.5275,-1.75,6.19934326171875),(3.5275,1.75,6.19934326171875),(4.3125927734375,1.75,5.37663427734375),(4.3125927734375,-1.75,5.37663427734375),(4.3125927734375,-1.75,5.37663427734375),(4.3125927734375,1.75,5.37663427734375),(4.8199072265625,1.75,4.3955478515625),(4.8199072265625,-1.75,4.3955478515625),(4.8199072265625,-1.75,4.3955478515625),(4.8199072265625,1.75,4.3955478515625),(5.,1.75,3.290345947265625),(5.,-1.75,3.290345947265625),(5.,-1.75,3.290345947265625),(5.,1.75,3.290345947265625),(5.1800927734375,1.75,4.3955478515625),(5.1800927734375,-1.75,4.3955478515625),(5.1800927734375,-1.75,4.3955478515625),(5.1800927734375,1.75,4.3955478515625),(5.6874072265625,1.75,5.37663427734375),(5.6874072265625,-1.75,5.37663427734375),(5.6874072265625,-1.75,5.37663427734375),(5.6874072265625,1.75,5.37663427734375),(6.4725,1.75,6.19934326171875),(6.4725,-1.75,6.19934326171875),(6.4725,-1.75,6.19934326171875),(6.4725,1.75,6.19934326171875),(7.48592578125,1.75,6.829412109375),(7.48592578125,-1.75,6.829412109375),(7.48592578125,-1.75,6.829412109375),(7.48592578125,1.75,6.829412109375),(8.6782412109375,1.75,7.2325791015625),(8.6782412109375,-1.75,7.2325791015625),(8.6782412109375,-1.75,7.2325791015625),(8.6782412109375,1.75,7.2325791015625),(10.,1.75,7.37458203125),(10.,-1.75,7.37458203125),(10.,-1.75,7.37458203125),(10.,1.75,7.37458203125),(-7.275957614183426E-15,1.75,7.37458203125),(-7.275957614183426E-15,-1.75,7.37458203125),(-7.275957614183426E-15,-1.75,7.37458203125),(1.32175927734375,-1.75,7.2325791015625),(2.514073974609375,-1.75,6.829412109375),(3.5275,-1.75,6.19934326171875),(4.3125927734375,-1.75,5.37663427734375),(4.8199072265625,-1.75,4.3955478515625),(5.,-1.75,3.290345947265625),(5.1800927734375,-1.75,4.3955478515625),(5.6874072265625,-1.75,5.37663427734375),(6.4725,-1.75,6.19934326171875),(7.48592578125,-1.75,6.829412109375),(8.6782412109375,-1.75,7.2325791015625),(10.,-1.75,7.37458203125),(-7.275957614183426E-15,1.75,7.37458203125),(1.32175927734375,1.75,7.2325791015625),(2.514073974609375,1.75,6.829412109375),(3.5275,1.75,6.19934326171875),(4.3125927734375,1.75,5.37663427734375),(4.8199072265625,1.75,4.3955478515625),(5.,1.75,3.290345947265625),(5.1800927734375,1.75,4.3955478515625),(5.6874072265625,1.75,5.37663427734375),(6.4725,1.75,6.19934326171875),(7.48592578125,1.75,6.829412109375),(8.6782412109375,1.75,7.2325791015625),(10.,1.75,7.37458203125)),$);
#878=IFCLOCALPLACEMENT(#142,#877);
#877=IFCAXIS2PLACEMENT3D(#874,#875,#876);
#876=IFCDIRECTION((1.,0.,0.));
#875=IFCDIRECTION((0.,0.,1.));
#874=IFCCARTESIANPOINT((0.,0.,0.));
#873=IFCEARTHWORKSFILL('39JQ7676vJ7w1IiNXqmlvv',#6,'Rail bridge fill',$,$,#868,#872,$,.EMBANKMENT.);
#872=IFCPRODUCTDEFINITIONSHAPE($,$,(#871));
#871=IFCSHAPEREPRESENTATION(#16,'Body','Tessellation',(#870));
#870=IFCTRIANGULATEDFACESET(#869,$,.T.,((4,1,2),(4,2,3),(5,6,7),(8,5,7),(9,10,11),(12,9,11),(13,14,15),(16,13,15),(20,17,18),(20,18,19),(21,22,23),(24,21,23),(25,26,27),(28,25,27),(32,29,30),(32,30,31),(33,34,35),(36,33,35),(37,38,39),(40,37,39),(41,42,43),(44,41,43),(48,45,46),(48,46,47),(51,49,50),(52,49,51),(61,56,57),(61,62,56),(63,55,56),(63,56,62),(60,57,58),(60,61,57),(64,54,55),(64,55,63),(59,60,58),(65,53,54),(65,54,64),(69,74,70),(75,74,69),(68,76,69),(69,76,75),(70,73,71),(74,73,70),(67,77,68),(68,77,76),(73,72,71),(66,78,67),(67,78,77)),$);
#869=IFCCARTESIANPOINTLIST3D(((-10.,-1.75,7.37458203125),(-10.,1.75,7.37458203125),(-8.6782412109375,1.75,7.2325791015625),(-8.6782412109375,-1.75,7.2325791015625),(-8.6782412109375,-1.75,7.2325791015625),(-8.6782412109375,1.75,7.2325791015625),(-7.48592578125,1.75,6.829412109375),(-7.48592578125,-1.75,6.829412109375),(-7.48592578125,-1.75,6.829412109375),(-7.48592578125,1.75,6.829412109375),(-6.4725,1.75,6.19934326171875),(-6.4725,-1.75,6.19934326171875),(-6.4725,-1.75,6.19934326171875),(-6.4725,1.75,6.19934326171875),(-5.6874072265625,1.75,5.37663427734375),(-5.6874072265625,-1.75,5.37663427734375),(-5.6874072265625,-1.75,5.37663427734375),(-5.6874072265625,1.75,5.37663427734375),(-5.1800927734375,1.75,4.3955478515625),(-5.1800927734375,-1.75,4.3955478515625),(-5.1800927734375,-1.75,4.3955478515625),(-5.1800927734375,1.75,4.3955478515625),(-5.,1.75,3.290345947265625),(-5.,-1.75,3.290345947265625),(-5.,-1.75,3.290345947265625),(-5.,1.75,3.290345947265625),(-4.8199072265625,1.75,4.3955478515625),(-4.8199072265625,-1.75,4.3955478515625),(-4.8199072265625,-1.75,4.3955478515625),(-4.8199072265625,1.75,4.3955478515625),(-4.3125927734375,1.75,5.37663427734375),(-4.3125927734375,-1.75,5.37663427734375),(-4.3125927734375,-1.75,5.37663427734375),(-4.3125927734375,1.75,5.37663427734375),(-3.5275,1.75,6.19934326171875),(-3.5275,-1.75,6.19934326171875),(-3.5275,-1.75,6.19934326171875),(-3.5275,1.75,6.19934326171875),(-2.514073974609375,1.75,6.829412109375),(-2.514073974609375,-1.75,6.829412109375),(-2.514073974609375,-1.75,6.829412109375),(-2.514073974609375,1.75,6.829412109375),(-1.32175927734375,1.75,7.2325791015625),(-1.32175927734375,-1.75,7.2325791015625),(-1.32175927734375,-1.75,7.2325791015625),(-1.32175927734375,1.75,7.2325791015625),(-3.637978807091713E-15,1.75,7.37458203125),(-3.637978807091713E-15,-1.75,7.37458203125),(-3.637978807091713E-15,-1.75,7.37458203125),(-3.637978807091713E-15,1.75,7.37458203125),(-10.,1.75,7.37458203125),(-10.,-1.75,7.37458203125),(-10.,-1.75,7.37458203125),(-8.6782412109375,-1.75,7.2325791015625),(-7.48592578125,-1.75,6.829412109375),(-6.4725,-1.75,6.19934326171875),(-5.6874072265625,-1.75,5.37663427734375),(-5.1800927734375,-1.75,4.3955478515625),(-5.,-1.75,3.290345947265625),(-4.8199072265625,-1.75,4.3955478515625),(-4.3125927734375,-1.75,5.37663427734375),(-3.5275,-1.75,6.19934326171875),(-2.514073974609375,-1.75,6.829412109375),(-1.32175927734375,-1.75,7.2325791015625),(-3.637978807091713E-15,-1.75,7.37458203125),(-10.,1.75,7.37458203125),(-8.6782412109375,1.75,7.2325791015625),(-7.48592578125,1.75,6.829412109375),(-6.4725,1.75,6.19934326171875),(-5.6874072265625,1.75,5.37663427734375),(-5.1800927734375,1.75,4.3955478515625),(-5.,1.75,3.290345947265625),(-4.8199072265625,1.75,4.3955478515625),(-4.3125927734375,1.75,5.37663427734375),(-3.5275,1.75,6.19934326171875),(-2.514073974609375,1.75,6.829412109375),(-1.32175927734375,1.75,7.2325791015625),(-3.637978807091713E-15,1.75,7.37458203125)),$);
#868=IFCLOCALPLACEMENT(#142,#867);
#867=IFCAXIS2PLACEMENT3D(#864,#865,#866);
#866=IFCDIRECTION((1.,0.,0.));
#865=IFCDIRECTION((0.,0.,1.));
#864=IFCCARTESIANPOINT((0.,0.,0.));
#863=IFCEARTHWORKSFILL('0ROFb11d5VWBhQEq_dv6IM',#6,'Rail bridge fill',$,$,#858,#862,$,.EMBANKMENT.);
#862=IFCPRODUCTDEFINITIONSHAPE($,$,(#861));
#861=IFCSHAPEREPRESENTATION(#16,'Body','Tessellation',(#860));
#860=IFCTRIANGULATEDFACESET(#859,$,.T.,((4,1,2),(4,2,3),(5,6,7),(8,5,7),(9,10,11),(12,9,11),(13,14,15),(16,13,15),(20,17,18),(20,18,19),(21,22,23),(24,21,23),(25,26,27),(28,25,27),(32,29,30),(32,30,31),(33,34,35),(36,33,35),(37,38,39),(40,37,39),(41,42,43),(44,41,43),(48,45,46),(48,46,47),(51,49,50),(52,49,51),(61,56,57),(61,62,56),(63,55,56),(63,56,62),(60,57,58),(60,61,57),(64,54,55),(64,55,63),(59,60,58),(65,53,54),(65,54,64),(69,74,70),(75,74,69),(68,76,69),(69,76,75),(70,73,71),(74,73,70),(67,77,68),(68,77,76),(73,72,71),(66,78,67),(67,78,77)),$);
#859=IFCCARTESIANPOINTLIST3D(((0.,-1.75,7.37458203125),(-3.637978807091713E-15,1.75,7.37458203125),(1.32175927734375,1.75,7.2325791015625),(1.32175927734375,-1.75,7.2325791015625),(1.32175927734375,-1.75,7.2325791015625),(1.32175927734375,1.75,7.2325791015625),(2.514073974609375,1.75,6.829412109375),(2.514073974609375,-1.75,6.829412109375),(2.514073974609375,-1.75,6.829412109375),(2.514073974609375,1.75,6.829412109375),(3.5275,1.75,6.19934326171875),(3.5275,-1.75,6.19934326171875),(3.5275,-1.75,6.19934326171875),(3.5275,1.75,6.19934326171875),(4.3125927734375,1.75,5.37663427734375),(4.3125927734375,-1.75,5.37663427734375),(4.3125927734375,-1.75,5.37663427734375),(4.3125927734375,1.75,5.37663427734375),(4.8199072265625,1.75,4.3955478515625),(4.8199072265625,-1.75,4.3955478515625),(4.8199072265625,-1.75,4.3955478515625),(4.8199072265625,1.75,4.3955478515625),(5.,1.75,3.290345947265625),(5.,-1.75,3.290345947265625),(5.,-1.75,3.290345947265625),(5.,1.75,3.290345947265625),(5.1800927734375,1.75,4.3955478515625),(5.1800927734375,-1.75,4.3955478515625),(5.1800927734375,-1.75,4.3955478515625),(5.1800927734375,1.75,4.3955478515625),(5.6874072265625,1.75,5.37663427734375),(5.6874072265625,-1.75,5.37663427734375),(5.6874072265625,-1.75,5.37663427734375),(5.6874072265625,1.75,5.37663427734375),(6.4725,1.75,6.19934326171875),(6.4725,-1.75,6.19934326171875),(6.4725,-1.75,6.19934326171875),(6.4725,1.75,6.19934326171875),(7.48592578125,1.75,6.829412109375),(7.48592578125,-1.75,6.829412109375),(7.48592578125,-1.75,6.829412109375),(7.48592578125,1.75,6.829412109375),(8.6782412109375,1.75,7.2325791015625),(8.6782412109375,-1.75,7.2325791015625),(8.6782412109375,-1.75,7.2325791015625),(8.6782412109375,1.75,7.2325791015625),(10.,1.75,7.37458203125),(10.,-1.75,7.37458203125),(10.,-1.75,7.37458203125),(10.,1.75,7.37458203125),(-3.637978807091713E-15,1.75,7.37458203125),(0.,-1.75,7.37458203125),(0.,-1.75,7.37458203125),(1.32175927734375,-1.75,7.2325791015625),(2.514073974609375,-1.75,6.829412109375),(3.5275,-1.75,6.19934326171875),(4.3125927734375,-1.75,5.37663427734375),(4.8199072265625,-1.75,4.3955478515625),(5.,-1.75,3.290345947265625),(5.1800927734375,-1.75,4.3955478515625),(5.6874072265625,-1.75,5.37663427734375),(6.4725,-1.75,6.19934326171875),(7.48592578125,-1.75,6.829412109375),(8.6782412109375,-1.75,7.2325791015625),(10.,-1.75,7.37458203125),(0.,1.75,7.37458203125),(1.32175927734375,1.75,7.2325791015625),(2.514073974609375,1.75,6.829412109375),(3.5275,1.75,6.19934326171875),(4.3125927734375,1.75,5.37663427734375),(4.8199072265625,1.75,4.3955478515625),(5.,1.75,3.290345947265625),(5.1800927734375,1.75,4.3955478515625),(5.6874072265625,1.75,5.37663427734375),(6.4725,1.75,6.19934326171875),(7.48592578125,1.75,6.829412109375),(8.6782412109375,1.75,7.2325791015625),(10.,1.75,7.37458203125)),$);
#858=IFCLOCALPLACEMENT(#118,#857);
#857=IFCAXIS2PLACEMENT3D(#854,#855,#856);
#856=IFCDIRECTION((1.,0.,0.));
#855=IFCDIRECTION((0.,0.,1.));
#854=IFCCARTESIANPOINT((0.,0.,0.));
#853=IFCEARTHWORKSFILL('0OOFI82N5KERlQFEAcv6C3',#6,'Rail bridge fill',$,$,#848,#852,$,.EMBANKMENT.);
#852=IFCPRODUCTDEFINITIONSHAPE($,$,(#851));
#851=IFCSHAPEREPRESENTATION(#16,'Body','Tessellation',(#850));
#850=IFCTRIANGULATEDFACESET(#849,$,.T.,((4,1,2),(4,2,3),(5,6,7),(8,5,7),(9,10,11),(12,9,11),(13,14,15),(16,13,15),(20,17,18),(20,18,19),(21,22,23),(24,21,23),(25,26,27),(28,25,27),(32,29,30),(32,30,31),(33,34,35),(36,33,35),(37,38,39),(40,37,39),(41,42,43),(44,41,43),(48,45,46),(48,46,47),(51,49,50),(52,49,51),(61,56,57),(61,62,56),(63,55,56),(63,56,62),(60,57,58),(60,61,57),(64,54,55),(64,55,63),(59,60,58),(65,53,54),(65,54,64),(69,74,70),(75,74,69),(68,76,69),(69,76,75),(70,73,71),(74,73,70),(67,77,68),(68,77,76),(73,72,71),(66,78,67),(67,78,77)),$);
#849=IFCCARTESIANPOINTLIST3D(((-10.,-1.75,7.37458203125),(-10.,1.75,7.37458203125),(-8.6782412109375,1.75,7.2325791015625),(-8.6782412109375,-1.75,7.2325791015625),(-8.6782412109375,-1.75,7.2325791015625),(-8.6782412109375,1.75,7.2325791015625),(-7.48592578125,1.75,6.829412109375),(-7.48592578125,-1.75,6.829412109375),(-7.48592578125,-1.75,6.829412109375),(-7.48592578125,1.75,6.829412109375),(-6.4725,1.75,6.19934326171875),(-6.4725,-1.75,6.19934326171875),(-6.4725,-1.75,6.19934326171875),(-6.4725,1.75,6.19934326171875),(-5.6874072265625,1.75,5.37663427734375),(-5.6874072265625,-1.75,5.37663427734375),(-5.6874072265625,-1.75,5.37663427734375),(-5.6874072265625,1.75,5.37663427734375),(-5.1800927734375,1.75,4.3955478515625),(-5.1800927734375,-1.75,4.3955478515625),(-5.1800927734375,-1.75,4.3955478515625),(-5.1800927734375,1.75,4.3955478515625),(-5.,1.75,3.290345947265625),(-5.,-1.75,3.290345947265625),(-5.,-1.75,3.290345947265625),(-5.,1.75,3.290345947265625),(-4.8199072265625,1.75,4.3955478515625),(-4.8199072265625,-1.75,4.3955478515625),(-4.8199072265625,-1.75,4.3955478515625),(-4.8199072265625,1.75,4.3955478515625),(-4.3125927734375,1.75,5.37663427734375),(-4.3125927734375,-1.75,5.37663427734375),(-4.3125927734375,-1.75,5.37663427734375),(-4.3125927734375,1.75,5.37663427734375),(-3.5275,1.75,6.19934326171875),(-3.5275,-1.75,6.19934326171875),(-3.5275,-1.75,6.19934326171875),(-3.5275,1.75,6.19934326171875),(-2.514073974609375,1.75,6.829412109375),(-2.514073974609375,-1.75,6.829412109375),(-2.514073974609375,-1.75,6.829412109375),(-2.514073974609375,1.75,6.829412109375),(-1.32175927734375,1.75,7.2325791015625),(-1.32175927734375,-1.75,7.2325791015625),(-1.32175927734375,-1.75,7.2325791015625),(-1.32175927734375,1.75,7.2325791015625),(-1.8189894035458565E-15,1.75,7.37458203125),(1.8189894035458565E-15,-1.75,7.37458203125),(1.8189894035458565E-15,-1.75,7.37458203125),(-1.8189894035458565E-15,1.75,7.37458203125),(-10.,1.75,7.37458203125),(-10.,-1.75,7.37458203125),(-10.,-1.75,7.37458203125),(-8.6782412109375,-1.75,7.2325791015625),(-7.48592578125,-1.75,6.829412109375),(-6.4725,-1.75,6.19934326171875),(-5.6874072265625,-1.75,5.37663427734375),(-5.1800927734375,-1.75,4.3955478515625),(-5.,-1.75,3.290345947265625),(-4.8199072265625,-1.75,4.3955478515625),(-4.3125927734375,-1.75,5.37663427734375),(-3.5275,-1.75,6.19934326171875),(-2.514073974609375,-1.75,6.829412109375),(-1.32175927734375,-1.75,7.2325791015625),(1.8189894035458565E-15,-1.75,7.37458203125),(-10.,1.75,7.37458203125),(-8.6782412109375,1.75,7.2325791015625),(-7.48592578125,1.75,6.829412109375),(-6.4725,1.75,6.19934326171875),(-5.6874072265625,1.75,5.37663427734375),(-5.1800927734375,1.75,4.3955478515625),(-5.,1.75,3.290345947265625),(-4.8199072265625,1.75,4.3955478515625),(-4.3125927734375,1.75,5.37663427734375),(-3.5275,1.75,6.19934326171875),(-2.514073974609375,1.75,6.829412109375),(-1.32175927734375,1.75,7.2325791015625),(-1.8189894035458565E-15,1.75,7.37458203125)),$);
#848=IFCLOCALPLACEMENT(#118,#847);
#847=IFCAXIS2PLACEMENT3D(#844,#845,#846);
#846=IFCDIRECTION((1.,0.,0.));
#845=IFCDIRECTION((0.,0.,1.));
#844=IFCCARTESIANPOINT((0.,0.,0.));
#843=IFCBUILDINGELEMENTPROXY('0WzTky8PzSew6Y40vmcHuL',#6,'Road rail bridge - name sign',$,$,#838,#842,$,.NOTDEFINED.);
#842=IFCPRODUCTDEFINITIONSHAPE($,$,(#841));
#841=IFCSHAPEREPRESENTATION(#16,'Body','Tessellation',(#840));
#840=IFCTRIANGULATEDFACESET(#839,$,.T.,((1,4,3),(1,2,4),(8,5,7),(6,5,8),(10,12,9),(9,12,11),(16,14,13),(16,13,15),(18,20,17),(17,20,19),(24,22,21),(24,21,23)),$);
#839=IFCCARTESIANPOINTLIST3D(((0.8,2.25,7.02458203125),(0.8,2.25,7.42458203125),(0.8,2.2,7.02458203125),(0.8,2.2,7.42458203125),(-0.8,2.25,7.02458203125),(-0.8,2.25,7.42458203125),(-0.8,2.2,7.02458203125),(-0.8,2.2,7.42458203125),(0.8,2.25,7.02458203125),(-0.8,2.25,7.02458203125),(0.8,2.25,7.42458203125),(-0.8,2.25,7.42458203125),(0.8,2.2,7.02458203125),(-0.8,2.2,7.02458203125),(0.8,2.2,7.42458203125),(-0.8,2.2,7.42458203125),(0.8,2.25,7.02458203125),(0.8,2.2,7.02458203125),(-0.8,2.25,7.02458203125),(-0.8,2.2,7.02458203125),(0.8,2.25,7.42458203125),(0.8,2.2,7.42458203125),(-0.8,2.25,7.42458203125),(-0.8,2.2,7.42458203125)),$);
#838=IFCLOCALPLACEMENT(#142,#837);
#837=IFCAXIS2PLACEMENT3D(#834,#835,#836);
#836=IFCDIRECTION((1.,0.,0.));
#835=IFCDIRECTION((0.,0.,1.));
#834=IFCCARTESIANPOINT((0.,0.,0.));
#833=IFCBUILDINGELEMENTPROXY('0ZzU1r8fzUDg2Y3djjcHbS',#6,'Road rail bridge - name sign',$,$,#828,#832,$,.NOTDEFINED.);
#832=IFCPRODUCTDEFINITIONSHAPE($,$,(#831));
#831=IFCSHAPEREPRESENTATION(#16,'Body','Tessellation',(#830));
#830=IFCTRIANGULATEDFACESET(#829,$,.T.,((1,4,3),(1,2,4),(8,5,7),(6,5,8),(9,10,11),(10,12,11),(14,13,15),(16,14,15),(18,20,17),(17,20,19),(24,22,21),(24,21,23)),$);
#829=IFCCARTESIANPOINTLIST3D(((-0.8,-2.25,7.02458203125),(-0.8,-2.25,7.42458203125),(-0.8,-2.2,7.02458203125),(-0.8,-2.2,7.42458203125),(0.8,-2.25,7.02458203125),(0.8,-2.25,7.42458203125),(0.8,-2.2,7.02458203125),(0.8,-2.2,7.42458203125),(-0.8,-2.25,7.02458203125),(0.8,-2.25,7.02458203125),(-0.8,-2.25,7.42458203125),(0.8,-2.25,7.42458203125),(-0.8,-2.2,7.02458203125),(0.8,-2.2,7.02458203125),(-0.8,-2.2,7.42458203125),(0.8,-2.2,7.42458203125),(-0.8,-2.25,7.02458203125),(-0.8,-2.2,7.02458203125),(0.8,-2.25,7.02458203125),(0.8,-2.2,7.02458203125),(-0.8,-2.25,7.42458203125),(-0.8,-2.2,7.42458203125),(0.8,-2.25,7.42458203125),(0.8,-2.2,7.42458203125)),$);
#828=IFCLOCALPLACEMENT(#142,#827);
#827=IFCAXIS2PLACEMENT3D(#824,#825,#826);
#826=IFCDIRECTION((1.,0.,0.));
#825=IFCDIRECTION((0.,0.,1.));
#824=IFCCARTESIANPOINT((0.,0.,0.));
#823=IFCBUILDINGELEMENTPROXY('2ixzk$CgTVLh4CmBswiQZq',#6,'Rail bridge arch segment',$,$,#818,#822,$,.NOTDEFINED.);
#822=IFCPRODUCTDEFINITIONSHAPE($,$,(#821));
#821=IFCSHAPEREPRESENTATION(#16,'Body','Tessellation',(#820));
#820=IFCTRIANGULATEDFACESET(#819,$,.T.,((2,1,3),(1,4,3),(5,8,6),(6,8,7),(10,9,11),(9,12,11),(13,16,14),(14,16,15),(18,17,19),(17,20,19),(21,24,22),(22,24,23),(25,28,26),(26,28,27),(30,29,31),(29,32,31),(34,33,35),(33,36,35),(38,37,39),(37,40,39),(41,44,42),(42,44,43),(46,45,47),(45,48,47),(49,52,50),(50,52,51),(54,53,55),(53,56,55),(70,58,57),(70,69,58),(69,59,58),(69,68,59),(67,60,68),(68,60,59),(66,61,67),(67,61,60),(65,62,66),(66,62,61),(64,63,65),(65,63,62),(72,84,71),(83,84,72),(73,83,72),(82,83,73),(74,81,82),(74,82,73),(75,80,81),(75,81,74),(76,79,80),(76,80,75),(77,78,79),(77,79,76)),$);
#819=IFCCARTESIANPOINTLIST3D(((5.,-1.75,3.290345947265625),(5.,1.75,3.290345947265625),(5.1800927734375,1.75,4.3955478515625),(5.1800927734375,-1.75,4.3955478515625),(5.1800927734375,-1.75,4.3955478515625),(5.1800927734375,1.75,4.3955478515625),(5.6874072265625,1.75,5.37663427734375),(5.6874072265625,-1.75,5.37663427734375),(5.6874072265625,-1.75,5.37663427734375),(5.6874072265625,1.75,5.37663427734375),(6.4725,1.75,6.19934326171875),(6.4725,-1.75,6.19934326171875),(6.4725,-1.75,6.19934326171875),(6.4725,1.75,6.19934326171875),(7.48592578125,1.75,6.829412109375),(7.48592578125,-1.75,6.829412109375),(7.48592578125,-1.75,6.829412109375),(7.48592578125,1.75,6.829412109375),(8.6782412109375,1.75,7.2325791015625),(8.6782412109375,-1.75,7.2325791015625),(8.6782412109375,-1.75,7.2325791015625),(8.6782412109375,1.75,7.2325791015625),(10.,1.75,7.37458203125),(10.,-1.75,7.37458203125),(10.,-1.75,7.37458203125),(10.,1.75,7.37458203125),(10.,1.75,6.62367919921875),(10.,-1.75,6.62367919921875),(10.,-1.75,6.62367919921875),(10.,1.75,6.62367919921875),(8.90001953125,1.75,6.5100986328125),(8.90001953125,-1.75,6.5100986328125),(8.90001953125,-1.75,6.5100986328125),(8.90001953125,1.75,6.5100986328125),(7.875,1.75,6.17709716796875),(7.875,-1.75,6.17709716796875),(7.875,-1.75,6.17709716796875),(7.875,1.75,6.17709716796875),(6.99479638671875,1.75,5.6473681640625),(6.99479638671875,-1.75,5.6473681640625),(6.99479638671875,-1.75,5.6473681640625),(6.99479638671875,1.75,5.6473681640625),(6.31939208984375,1.75,4.9570126953125),(6.31939208984375,-1.75,4.9570126953125),(6.31939208984375,-1.75,4.9570126953125),(6.31939208984375,1.75,4.9570126953125),(5.8948154296875,1.75,4.153076171875),(5.8948154296875,-1.75,4.153076171875),(5.8948154296875,-1.75,4.153076171875),(5.8948154296875,1.75,4.153076171875),(5.75,1.75,3.290345947265625),(5.75,-1.75,3.290345947265625),(5.75,-1.75,3.290345947265625),(5.75,1.75,3.290345947265625),(5.,1.75,3.290345947265625),(5.,-1.75,3.290345947265625),(5.,-1.75,3.290345947265625),(5.1800927734375,-1.75,4.3955478515625),(5.6874072265625,-1.75,5.37663427734375),(6.4725,-1.75,6.19934326171875),(7.48592578125,-1.75,6.829412109375),(8.6782412109375,-1.75,7.2325791015625),(10.,-1.75,7.37458203125),(10.,-1.75,6.62367919921875),(8.90001953125,-1.75,6.5100986328125),(7.875,-1.75,6.17709716796875),(6.99479638671875,-1.75,5.6473681640625),(6.31939208984375,-1.75,4.9570126953125),(5.8948154296875,-1.75,4.153076171875),(5.75,-1.75,3.290345947265625),(5.,1.75,3.290345947265625),(5.1800927734375,1.75,4.3955478515625),(5.6874072265625,1.75,5.37663427734375),(6.4725,1.75,6.19934326171875),(7.48592578125,1.75,6.829412109375),(8.6782412109375,1.75,7.2325791015625),(10.,1.75,7.37458203125),(10.,1.75,6.62367919921875),(8.90001953125,1.75,6.5100986328125),(7.875,1.75,6.17709716796875),(6.99479638671875,1.75,5.6473681640625),(6.31939208984375,1.75,4.9570126953125),(5.8948154296875,1.75,4.153076171875),(5.75,1.75,3.290345947265625)),$);
#818=IFCLOCALPLACEMENT(#142,#817);
#817=IFCAXIS2PLACEMENT3D(#814,#815,#816);
#816=IFCDIRECTION((1.,0.,0.));
#815=IFCDIRECTION((0.,0.,1.));
#814=IFCCARTESIANPOINT((0.,0.,0.));
#813=IFCBUILDINGELEMENTPROXY('2fxzS6DQTK3weCjRYviQTX',#6,'Rail bridge arch segment',$,$,#808,#812,$,.NOTDEFINED.);
#812=IFCPRODUCTDEFINITIONSHAPE($,$,(#811));
#811=IFCSHAPEREPRESENTATION(#16,'Body','Tessellation',(#810));
#810=IFCTRIANGULATEDFACESET(#809,$,.T.,((2,1,3),(1,4,3),(5,8,6),(6,8,7),(10,9,11),(9,12,11),(13,16,14),(14,16,15),(18,17,19),(17,20,19),(21,24,22),(22,24,23),(25,28,26),(26,28,27),(29,32,30),(30,32,31),(34,33,35),(33,36,35),(38,37,39),(37,40,39),(41,44,42),(42,44,43),(46,45,47),(45,48,47),(49,52,50),(50,52,51),(54,53,55),(53,56,55),(70,58,57),(70,69,58),(69,59,58),(69,68,59),(67,60,68),(68,60,59),(66,61,67),(67,61,60),(65,62,66),(66,62,61),(64,63,65),(65,63,62),(72,84,71),(83,84,72),(73,83,72),(82,83,73),(74,81,82),(74,82,73),(75,80,81),(75,81,74),(76,79,80),(76,80,75),(77,78,79),(77,79,76)),$);
#809=IFCCARTESIANPOINTLIST3D(((5.,1.75,3.290345947265625),(5.,-1.75,3.290345947265625),(4.8199072265625,-1.75,4.3955478515625),(4.8199072265625,1.75,4.3955478515625),(4.8199072265625,1.75,4.3955478515625),(4.8199072265625,-1.75,4.3955478515625),(4.3125927734375,-1.75,5.37663427734375),(4.3125927734375,1.75,5.37663427734375),(4.3125927734375,1.75,5.37663427734375),(4.3125927734375,-1.75,5.37663427734375),(3.5275,-1.75,6.19934326171875),(3.5275,1.75,6.19934326171875),(3.5275,1.75,6.19934326171875),(3.5275,-1.75,6.19934326171875),(2.514073974609375,-1.75,6.829412109375),(2.514073974609375,1.75,6.829412109375),(2.514073974609375,1.75,6.829412109375),(2.514073974609375,-1.75,6.829412109375),(1.32175927734375,-1.75,7.2325791015625),(1.32175927734375,1.75,7.2325791015625),(1.32175927734375,1.75,7.2325791015625),(1.32175927734375,-1.75,7.2325791015625),(0.,-1.75,7.37458203125),(0.,1.75,7.37458203125),(0.,1.75,7.37458203125),(0.,-1.75,7.37458203125),(0.,-1.75,6.62367919921875),(0.,1.75,6.62367919921875),(0.,1.75,6.62367919921875),(0.,-1.75,6.62367919921875),(1.09998095703125,-1.75,6.5100986328125),(1.09998095703125,1.75,6.5100986328125),(1.09998095703125,1.75,6.5100986328125),(1.09998095703125,-1.75,6.5100986328125),(2.125,-1.75,6.17709716796875),(2.125,1.75,6.17709716796875),(2.125,1.75,6.17709716796875),(2.125,-1.75,6.17709716796875),(3.005203857421875,-1.75,5.6473681640625),(3.005203857421875,1.75,5.6473681640625),(3.005203857421875,1.75,5.6473681640625),(3.005203857421875,-1.75,5.6473681640625),(3.68060791015625,-1.75,4.9570126953125),(3.68060791015625,1.75,4.9570126953125),(3.68060791015625,1.75,4.9570126953125),(3.68060791015625,-1.75,4.9570126953125),(4.1051845703125,-1.75,4.153076171875),(4.1051845703125,1.75,4.153076171875),(4.1051845703125,1.75,4.153076171875),(4.1051845703125,-1.75,4.153076171875),(4.25,-1.75,3.290345947265625),(4.25,1.75,3.290345947265625),(4.25,1.75,3.290345947265625),(4.25,-1.75,3.290345947265625),(5.,-1.75,3.290345947265625),(5.,1.75,3.290345947265625),(5.,1.75,3.290345947265625),(4.8199072265625,1.75,4.3955478515625),(4.3125927734375,1.75,5.37663427734375),(3.5275,1.75,6.19934326171875),(2.514073974609375,1.75,6.829412109375),(1.32175927734375,1.75,7.2325791015625),(0.,1.75,7.37458203125),(0.,1.75,6.62367919921875),(1.09998095703125,1.75,6.5100986328125),(2.125,1.75,6.17709716796875),(3.005203857421875,1.75,5.6473681640625),(3.68060791015625,1.75,4.9570126953125),(4.1051845703125,1.75,4.153076171875),(4.25,1.75,3.290345947265625),(5.,-1.75,3.290345947265625),(4.8199072265625,-1.75,4.3955478515625),(4.3125927734375,-1.75,5.37663427734375),(3.5275,-1.75,6.19934326171875),(2.514073974609375,-1.75,6.829412109375),(1.32175927734375,-1.75,7.2325791015625),(0.,-1.75,7.37458203125),(0.,-1.75,6.62367919921875),(1.09998095703125,-1.75,6.5100986328125),(2.125,-1.75,6.17709716796875),(3.005203857421875,-1.75,5.6473681640625),(3.68060791015625,-1.75,4.9570126953125),(4.1051845703125,-1.75,4.153076171875),(4.25,-1.75,3.290345947265625)),$);
#808=IFCLOCALPLACEMENT(#142,#807);
#807=IFCAXIS2PLACEMENT3D(#804,#805,#806);
#806=IFCDIRECTION((1.,0.,0.));
#805=IFCDIRECTION((0.,0.,1.));
#804=IFCCARTESIANPOINT((0.,0.,0.));
#803=IFCBUILDINGELEMENTPROXY('2gxzYPDATIVAiCjqkuiQNE',#6,'Rail bridge arch segment',$,$,#798,#802,$,.NOTDEFINED.);
#802=IFCPRODUCTDEFINITIONSHAPE($,$,(#801));
#801=IFCSHAPEREPRESENTATION(#16,'Body','Tessellation',(#800));
#800=IFCTRIANGULATEDFACESET(#799,$,.T.,((2,1,3),(1,4,3),(5,8,6),(6,8,7),(10,9,11),(9,12,11),(14,13,15),(13,16,15),(18,17,19),(17,20,19),(21,24,22),(22,24,23),(25,28,26),(26,28,27),(29,32,30),(30,32,31),(34,33,35),(33,36,35),(38,37,39),(37,40,39),(42,41,43),(41,44,43),(45,48,46),(46,48,47),(49,52,50),(50,52,51),(53,56,54),(54,56,55),(70,58,57),(70,69,58),(69,59,58),(69,68,59),(67,60,68),(68,60,59),(66,61,67),(67,61,60),(65,62,66),(66,62,61),(64,63,65),(65,63,62),(72,84,71),(83,84,72),(73,83,72),(82,83,73),(74,81,82),(74,82,73),(75,80,81),(75,81,74),(76,79,80),(76,80,75),(77,78,79),(77,79,76)),$);
#799=IFCCARTESIANPOINTLIST3D(((-5.,-1.75,3.290345947265625),(-5.,1.75,3.290345947265625),(-4.8199072265625,1.75,4.3955478515625),(-4.8199072265625,-1.75,4.3955478515625),(-4.8199072265625,-1.75,4.3955478515625),(-4.8199072265625,1.75,4.3955478515625),(-4.3125927734375,1.75,5.37663427734375),(-4.3125927734375,-1.75,5.37663427734375),(-4.3125927734375,-1.75,5.37663427734375),(-4.3125927734375,1.75,5.37663427734375),(-3.5275,1.75,6.19934326171875),(-3.5275,-1.75,6.19934326171875),(-3.5275,-1.75,6.19934326171875),(-3.5275,1.75,6.19934326171875),(-2.514073974609375,1.75,6.829412109375),(-2.514073974609375,-1.75,6.829412109375),(-2.514073974609375,-1.75,6.829412109375),(-2.514073974609375,1.75,6.829412109375),(-1.32175927734375,1.75,7.2325791015625),(-1.32175927734375,-1.75,7.2325791015625),(-1.32175927734375,-1.75,7.2325791015625),(-1.32175927734375,1.75,7.2325791015625),(-3.637978807091713E-15,1.75,7.37458203125),(-3.637978807091713E-15,-1.75,7.37458203125),(-3.637978807091713E-15,-1.75,7.37458203125),(-3.637978807091713E-15,1.75,7.37458203125),(-3.637978807091713E-15,1.75,6.62367919921875),(-3.637978807091713E-15,-1.75,6.62367919921875),(-3.637978807091713E-15,-1.75,6.62367919921875),(-3.637978807091713E-15,1.75,6.62367919921875),(-1.09998095703125,1.75,6.5100986328125),(-1.09998095703125,-1.75,6.5100986328125),(-1.09998095703125,-1.75,6.5100986328125),(-1.09998095703125,1.75,6.5100986328125),(-2.125,1.75,6.17709716796875),(-2.125,-1.75,6.17709716796875),(-2.125,-1.75,6.17709716796875),(-2.125,1.75,6.17709716796875),(-3.005203857421875,1.75,5.6473681640625),(-3.005203857421875,-1.75,5.6473681640625),(-3.005203857421875,-1.75,5.6473681640625),(-3.005203857421875,1.75,5.6473681640625),(-3.68060791015625,1.75,4.9570126953125),(-3.68060791015625,-1.75,4.9570126953125),(-3.68060791015625,-1.75,4.9570126953125),(-3.68060791015625,1.75,4.9570126953125),(-4.1051845703125,1.75,4.153076171875),(-4.1051845703125,-1.75,4.153076171875),(-4.1051845703125,-1.75,4.153076171875),(-4.1051845703125,1.75,4.153076171875),(-4.25,1.75,3.290345947265625),(-4.25,-1.75,3.290345947265625),(-4.25,-1.75,3.290345947265625),(-4.25,1.75,3.290345947265625),(-5.,1.75,3.290345947265625),(-5.,-1.75,3.290345947265625),(-5.,-1.75,3.290345947265625),(-4.8199072265625,-1.75,4.3955478515625),(-4.3125927734375,-1.75,5.37663427734375),(-3.5275,-1.75,6.19934326171875),(-2.514073974609375,-1.75,6.829412109375),(-1.32175927734375,-1.75,7.2325791015625),(-3.637978807091713E-15,-1.75,7.37458203125),(-3.637978807091713E-15,-1.75,6.62367919921875),(-1.09998095703125,-1.75,6.5100986328125),(-2.125,-1.75,6.17709716796875),(-3.005203857421875,-1.75,5.6473681640625),(-3.68060791015625,-1.75,4.9570126953125),(-4.1051845703125,-1.75,4.153076171875),(-4.25,-1.75,3.290345947265625),(-5.,1.75,3.290345947265625),(-4.8199072265625,1.75,4.3955478515625),(-4.3125927734375,1.75,5.37663427734375),(-3.5275,1.75,6.19934326171875),(-2.514073974609375,1.75,6.829412109375),(-1.32175927734375,1.75,7.2325791015625),(-3.637978807091713E-15,1.75,7.37458203125),(-3.637978807091713E-15,1.75,6.62367919921875),(-1.09998095703125,1.75,6.5100986328125),(-2.125,1.75,6.17709716796875),(-3.005203857421875,1.75,5.6473681640625),(-3.68060791015625,1.75,4.9570126953125),(-4.1051845703125,1.75,4.153076171875),(-4.25,1.75,3.290345947265625)),$);
#798=IFCLOCALPLACEMENT(#142,#797);
#797=IFCAXIS2PLACEMENT3D(#794,#795,#796);
#796=IFCDIRECTION((1.,0.,0.));
#795=IFCDIRECTION((0.,0.,1.));
#794=IFCCARTESIANPOINT((0.,0.,0.));
#793=IFCBUILDINGELEMENTPROXY('2dxzFWDwTNDQmCkDwtiQGx',#6,'Rail bridge arch segment',$,$,#788,#792,$,.NOTDEFINED.);
#792=IFCPRODUCTDEFINITIONSHAPE($,$,(#791));
#791=IFCSHAPEREPRESENTATION(#16,'Body','Tessellation',(#790));
#790=IFCTRIANGULATEDFACESET(#789,$,.T.,((2,1,3),(1,4,3),(5,8,6),(6,8,7),(10,9,11),(9,12,11),(14,13,15),(13,16,15),(17,20,18),(18,20,19),(21,24,22),(22,24,23),(25,28,26),(26,28,27),(29,32,30),(30,32,31),(34,33,35),(33,36,35),(38,37,39),(37,40,39),(42,41,43),(41,44,43),(45,48,46),(46,48,47),(49,52,50),(50,52,51),(53,56,54),(54,56,55),(70,58,57),(70,69,58),(69,59,58),(69,68,59),(67,60,68),(68,60,59),(66,61,67),(67,61,60),(65,62,66),(66,62,61),(64,63,65),(65,63,62),(72,84,71),(83,84,72),(73,83,72),(82,83,73),(74,81,82),(74,82,73),(75,80,81),(75,81,74),(76,79,80),(76,80,75),(77,78,79),(77,79,76)),$);
#789=IFCCARTESIANPOINTLIST3D(((-5.,1.75,3.290345947265625),(-5.,-1.75,3.290345947265625),(-5.1800927734375,-1.75,4.3955478515625),(-5.1800927734375,1.75,4.3955478515625),(-5.1800927734375,1.75,4.3955478515625),(-5.1800927734375,-1.75,4.3955478515625),(-5.6874072265625,-1.75,5.37663427734375),(-5.6874072265625,1.75,5.37663427734375),(-5.6874072265625,1.75,5.37663427734375),(-5.6874072265625,-1.75,5.37663427734375),(-6.4725,-1.75,6.19934326171875),(-6.4725,1.75,6.19934326171875),(-6.4725,1.75,6.19934326171875),(-6.4725,-1.75,6.19934326171875),(-7.48592578125,-1.75,6.829412109375),(-7.48592578125,1.75,6.829412109375),(-7.48592578125,1.75,6.829412109375),(-7.48592578125,-1.75,6.829412109375),(-8.6782412109375,-1.75,7.2325791015625),(-8.6782412109375,1.75,7.2325791015625),(-8.6782412109375,1.75,7.2325791015625),(-8.6782412109375,-1.75,7.2325791015625),(-10.,-1.75,7.37458203125),(-10.,1.75,7.37458203125),(-10.,1.75,7.37458203125),(-10.,-1.75,7.37458203125),(-10.,-1.75,6.62367919921875),(-10.,1.75,6.62367919921875),(-10.,1.75,6.62367919921875),(-10.,-1.75,6.62367919921875),(-8.90001953125,-1.75,6.5100986328125),(-8.90001953125,1.75,6.5100986328125),(-8.90001953125,1.75,6.5100986328125),(-8.90001953125,-1.75,6.5100986328125),(-7.875,-1.75,6.17709716796875),(-7.875,1.75,6.17709716796875),(-7.875,1.75,6.17709716796875),(-7.875,-1.75,6.17709716796875),(-6.99479638671875,-1.75,5.6473681640625),(-6.99479638671875,1.75,5.6473681640625),(-6.99479638671875,1.75,5.6473681640625),(-6.99479638671875,-1.75,5.6473681640625),(-6.31939208984375,-1.75,4.9570126953125),(-6.31939208984375,1.75,4.9570126953125),(-6.31939208984375,1.75,4.9570126953125),(-6.31939208984375,-1.75,4.9570126953125),(-5.8948154296875,-1.75,4.153076171875),(-5.8948154296875,1.75,4.153076171875),(-5.8948154296875,1.75,4.153076171875),(-5.8948154296875,-1.75,4.153076171875),(-5.75,-1.75,3.290345947265625),(-5.75,1.75,3.290345947265625),(-5.75,1.75,3.290345947265625),(-5.75,-1.75,3.290345947265625),(-5.,-1.75,3.290345947265625),(-5.,1.75,3.290345947265625),(-5.,1.75,3.290345947265625),(-5.1800927734375,1.75,4.3955478515625),(-5.6874072265625,1.75,5.37663427734375),(-6.4725,1.75,6.19934326171875),(-7.48592578125,1.75,6.829412109375),(-8.6782412109375,1.75,7.2325791015625),(-10.,1.75,7.37458203125),(-10.,1.75,6.62367919921875),(-8.90001953125,1.75,6.5100986328125),(-7.875,1.75,6.17709716796875),(-6.99479638671875,1.75,5.6473681640625),(-6.31939208984375,1.75,4.9570126953125),(-5.8948154296875,1.75,4.153076171875),(-5.75,1.75,3.290345947265625),(-5.,-1.75,3.290345947265625),(-5.1800927734375,-1.75,4.3955478515625),(-5.6874072265625,-1.75,5.37663427734375),(-6.4725,-1.75,6.19934326171875),(-7.48592578125,-1.75,6.829412109375),(-8.6782412109375,-1.75,7.2325791015625),(-10.,-1.75,7.37458203125),(-10.,-1.75,6.62367919921875),(-8.90001953125,-1.75,6.5100986328125),(-7.875,-1.75,6.17709716796875),(-6.99479638671875,-1.75,5.6473681640625),(-6.31939208984375,-1.75,4.9570126953125),(-5.8948154296875,-1.75,4.153076171875),(-5.75,-1.75,3.290345947265625)),$);
#788=IFCLOCALPLACEMENT(#142,#787);
#787=IFCAXIS2PLACEMENT3D(#784,#785,#786);
#786=IFCDIRECTION((1.,0.,0.));
#785=IFCDIRECTION((0.,0.,1.));
#784=IFCCARTESIANPOINT((0.,0.,0.));
#783=IFCBUILDINGELEMENTPROXY('1ktQz_0MDHLQN5G41lPQIV',#6,'Road rail bridge - name sign',$,$,#778,#782,$,.NOTDEFINED.);
#782=IFCPRODUCTDEFINITIONSHAPE($,$,(#781));
#781=IFCSHAPEREPRESENTATION(#16,'Body','Tessellation',(#780));
#780=IFCTRIANGULATEDFACESET(#779,$,.T.,((1,4,3),(1,2,4),(8,5,7),(6,5,8),(10,12,9),(9,12,11),(16,14,13),(16,13,15),(18,20,17),(17,20,19),(24,22,21),(24,21,23)),$);
#779=IFCCARTESIANPOINTLIST3D(((0.8,2.25,7.02458203125),(0.8,2.25,7.42458203125),(0.8,2.2,7.02458203125),(0.8,2.2,7.42458203125),(-0.8,2.25,7.02458203125),(-0.8,2.25,7.42458203125),(-0.8,2.2,7.02458203125),(-0.8,2.2,7.42458203125),(0.8,2.25,7.02458203125),(-0.8,2.25,7.02458203125),(0.8,2.25,7.42458203125),(-0.8,2.25,7.42458203125),(0.8,2.2,7.02458203125),(-0.8,2.2,7.02458203125),(0.8,2.2,7.42458203125),(-0.8,2.2,7.42458203125),(0.8,2.25,7.02458203125),(0.8,2.2,7.02458203125),(-0.8,2.25,7.02458203125),(-0.8,2.2,7.02458203125),(0.8,2.25,7.42458203125),(0.8,2.2,7.42458203125),(-0.8,2.25,7.42458203125),(-0.8,2.2,7.42458203125)),$);
#778=IFCLOCALPLACEMENT(#118,#777);
#777=IFCAXIS2PLACEMENT3D(#774,#775,#776);
#776=IFCDIRECTION((1.,0.,0.));
#775=IFCDIRECTION((0.,0.,1.));
#774=IFCCARTESIANPOINT((0.,0.,0.));
#773=IFCBUILDINGELEMENTPROXY('1jtQth$cDSdAZ5HFbmPQOo',#6,'Road rail bridge - name sign',$,$,#768,#772,$,.NOTDEFINED.);
#772=IFCPRODUCTDEFINITIONSHAPE($,$,(#771));
#771=IFCSHAPEREPRESENTATION(#16,'Body','Tessellation',(#770));
#770=IFCTRIANGULATEDFACESET(#769,$,.T.,((1,4,3),(1,2,4),(8,5,7),(6,5,8),(10,12,9),(9,12,11),(16,14,13),(16,13,15),(18,20,17),(17,20,19),(24,22,21),(24,21,23)),$);
#769=IFCCARTESIANPOINTLIST3D(((-0.8,-2.25,7.02458203125),(-0.8,-2.25,7.42458203125),(-0.8,-2.2,7.02458203125),(-0.8,-2.2,7.42458203125),(0.8,-2.25,7.02458203125),(0.8,-2.25,7.42458203125),(0.8,-2.2,7.02458203125),(0.8,-2.2,7.42458203125),(-0.8,-2.25,7.02458203125),(0.8,-2.25,7.02458203125),(-0.8,-2.25,7.42458203125),(0.8,-2.25,7.42458203125),(-0.8,-2.2,7.02458203125),(0.8,-2.2,7.02458203125),(-0.8,-2.2,7.42458203125),(0.8,-2.2,7.42458203125),(-0.8,-2.25,7.02458203125),(-0.8,-2.2,7.02458203125),(0.8,-2.25,7.02458203125),(0.8,-2.2,7.02458203125),(-0.8,-2.25,7.42458203125),(-0.8,-2.2,7.42458203125),(0.8,-2.25,7.42458203125),(0.8,-2.2,7.42458203125)),$);
#768=IFCLOCALPLACEMENT(#118,#767);
#767=IFCAXIS2PLACEMENT3D(#764,#765,#766);
#766=IFCDIRECTION((1.,0.,0.));
#765=IFCDIRECTION((0.,0.,1.));
#764=IFCCARTESIANPOINT((0.,0.,0.));
#763=IFCBUILDINGELEMENTPROXY('00mYGDVo1KD99VimkqWS1g',#6,'Rail bridge arch segment',$,$,#758,#762,$,.NOTDEFINED.);
#762=IFCPRODUCTDEFINITIONSHAPE($,$,(#761));
#761=IFCSHAPEREPRESENTATION(#16,'Body','Tessellation',(#760));
#760=IFCTRIANGULATEDFACESET(#759,$,.T.,((2,1,3),(1,4,3),(5,8,6),(6,8,7),(10,9,11),(9,12,11),(14,13,15),(13,16,15),(18,17,19),(17,20,19),(21,24,22),(22,24,23),(26,25,27),(25,28,27),(29,32,30),(30,32,31),(34,33,35),(33,36,35),(38,37,39),(37,40,39),(42,41,43),(41,44,43),(45,48,46),(46,48,47),(49,52,50),(50,52,51),(53,56,54),(54,56,55),(70,58,57),(70,69,58),(69,59,58),(69,68,59),(67,60,68),(68,60,59),(66,61,67),(67,61,60),(65,62,66),(66,62,61),(64,63,65),(65,63,62),(72,84,71),(83,84,72),(73,83,72),(82,83,73),(74,81,82),(74,82,73),(75,80,81),(75,81,74),(76,79,80),(76,80,75),(77,78,79),(77,79,76)),$);
#759=IFCCARTESIANPOINTLIST3D(((5.,-1.75,3.290345947265625),(5.,1.75,3.290345947265625),(5.1800927734375,1.75,4.3955478515625),(5.1800927734375,-1.75,4.3955478515625),(5.1800927734375,-1.75,4.3955478515625),(5.1800927734375,1.75,4.3955478515625),(5.6874072265625,1.75,5.37663427734375),(5.6874072265625,-1.75,5.37663427734375),(5.6874072265625,-1.75,5.37663427734375),(5.6874072265625,1.75,5.37663427734375),(6.4725,1.75,6.19934326171875),(6.4725,-1.75,6.19934326171875),(6.4725,-1.75,6.19934326171875),(6.4725,1.75,6.19934326171875),(7.48592578125,1.75,6.829412109375),(7.48592578125,-1.75,6.829412109375),(7.48592578125,-1.75,6.829412109375),(7.48592578125,1.75,6.829412109375),(8.6782412109375,1.75,7.2325791015625),(8.6782412109375,-1.75,7.2325791015625),(8.6782412109375,-1.75,7.2325791015625),(8.6782412109375,1.75,7.2325791015625),(10.,1.75,7.37458203125),(10.,-1.75,7.37458203125),(10.,-1.75,7.37458203125),(10.,1.75,7.37458203125),(10.,1.75,6.62367919921875),(10.,-1.75,6.62367919921875),(10.,-1.75,6.62367919921875),(10.,1.75,6.62367919921875),(8.90001953125,1.75,6.5100986328125),(8.90001953125,-1.75,6.5100986328125),(8.90001953125,-1.75,6.5100986328125),(8.90001953125,1.75,6.5100986328125),(7.875,1.75,6.17709716796875),(7.875,-1.75,6.17709716796875),(7.875,-1.75,6.17709716796875),(7.875,1.75,6.17709716796875),(6.99479638671875,1.75,5.6473681640625),(6.99479638671875,-1.75,5.6473681640625),(6.99479638671875,-1.75,5.6473681640625),(6.99479638671875,1.75,5.6473681640625),(6.31939208984375,1.75,4.9570126953125),(6.31939208984375,-1.75,4.9570126953125),(6.31939208984375,-1.75,4.9570126953125),(6.31939208984375,1.75,4.9570126953125),(5.8948154296875,1.75,4.153076171875),(5.8948154296875,-1.75,4.153076171875),(5.8948154296875,-1.75,4.153076171875),(5.8948154296875,1.75,4.153076171875),(5.75,1.75,3.290345947265625),(5.75,-1.75,3.290345947265625),(5.75,-1.75,3.290345947265625),(5.75,1.75,3.290345947265625),(5.,1.75,3.290345947265625),(5.,-1.75,3.290345947265625),(5.,-1.75,3.290345947265625),(5.1800927734375,-1.75,4.3955478515625),(5.6874072265625,-1.75,5.37663427734375),(6.4725,-1.75,6.19934326171875),(7.48592578125,-1.75,6.829412109375),(8.6782412109375,-1.75,7.2325791015625),(10.,-1.75,7.37458203125),(10.,-1.75,6.62367919921875),(8.90001953125,-1.75,6.5100986328125),(7.875,-1.75,6.17709716796875),(6.99479638671875,-1.75,5.6473681640625),(6.31939208984375,-1.75,4.9570126953125),(5.8948154296875,-1.75,4.153076171875),(5.75,-1.75,3.290345947265625),(5.,1.75,3.290345947265625),(5.1800927734375,1.75,4.3955478515625),(5.6874072265625,1.75,5.37663427734375),(6.4725,1.75,6.19934326171875),(7.48592578125,1.75,6.829412109375),(8.6782412109375,1.75,7.2325791015625),(10.,1.75,7.37458203125),(10.,1.75,6.62367919921875),(8.90001953125,1.75,6.5100986328125),(7.875,1.75,6.17709716796875),(6.99479638671875,1.75,5.6473681640625),(6.31939208984375,1.75,4.9570126953125),(5.8948154296875,1.75,4.153076171875),(5.75,1.75,3.290345947265625)),$);
#758=IFCLOCALPLACEMENT(#118,#757);
#757=IFCAXIS2PLACEMENT3D(#754,#755,#756);
#756=IFCDIRECTION((1.,0.,0.));
#755=IFCDIRECTION((0.,0.,1.));
#754=IFCCARTESIANPOINT((0.,0.,0.));
#753=IFCBUILDINGELEMENTPROXY('3vmXa8VY1IePTVkkglWRYB',#6,'Rail bridge arch segment',$,$,#748,#752,$,.NOTDEFINED.);
#752=IFCPRODUCTDEFINITIONSHAPE($,$,(#751));
#751=IFCSHAPEREPRESENTATION(#16,'Body','Tessellation',(#750));
#750=IFCTRIANGULATEDFACESET(#749,$,.T.,((2,1,3),(1,4,3),(5,8,6),(6,8,7),(10,9,11),(9,12,11),(14,13,15),(13,16,15),(17,20,18),(18,20,19),(21,24,22),(22,24,23),(25,28,26),(26,28,27),(29,32,30),(30,32,31),(34,33,35),(33,36,35),(38,37,39),(37,40,39),(42,41,43),(41,44,43),(45,48,46),(46,48,47),(49,52,50),(50,52,51),(53,56,54),(54,56,55),(70,58,57),(70,69,58),(69,59,58),(69,68,59),(67,60,68),(68,60,59),(66,61,67),(67,61,60),(65,62,66),(66,62,61),(64,63,65),(65,63,62),(72,84,71),(83,84,72),(73,83,72),(82,83,73),(74,81,82),(74,82,73),(75,80,81),(75,81,74),(76,79,80),(76,80,75),(77,78,79),(77,79,76)),$);
#749=IFCCARTESIANPOINTLIST3D(((5.,1.75,3.290345947265625),(5.,-1.75,3.290345947265625),(4.8199072265625,-1.75,4.3955478515625),(4.8199072265625,1.75,4.3955478515625),(4.8199072265625,1.75,4.3955478515625),(4.8199072265625,-1.75,4.3955478515625),(4.3125927734375,-1.75,5.37663427734375),(4.3125927734375,1.75,5.37663427734375),(4.3125927734375,1.75,5.37663427734375),(4.3125927734375,-1.75,5.37663427734375),(3.5275,-1.75,6.19934326171875),(3.5275,1.75,6.19934326171875),(3.5275,1.75,6.19934326171875),(3.5275,-1.75,6.19934326171875),(2.514073974609375,-1.75,6.829412109375),(2.514073974609375,1.75,6.829412109375),(2.514073974609375,1.75,6.829412109375),(2.514073974609375,-1.75,6.829412109375),(1.32175927734375,-1.75,7.2325791015625),(1.32175927734375,1.75,7.2325791015625),(1.32175927734375,1.75,7.2325791015625),(1.32175927734375,-1.75,7.2325791015625),(7.275957614183426E-15,-1.75,7.37458203125),(7.275957614183426E-15,1.75,7.37458203125),(7.275957614183426E-15,1.75,7.37458203125),(7.275957614183426E-15,-1.75,7.37458203125),(7.275957614183426E-15,-1.75,6.62367919921875),(7.275957614183426E-15,1.75,6.62367919921875),(7.275957614183426E-15,1.75,6.62367919921875),(7.275957614183426E-15,-1.75,6.62367919921875),(1.09998095703125,-1.75,6.5100986328125),(1.09998095703125,1.75,6.5100986328125),(1.09998095703125,1.75,6.5100986328125),(1.09998095703125,-1.75,6.5100986328125),(2.125,-1.75,6.17709716796875),(2.125,1.75,6.17709716796875),(2.125,1.75,6.17709716796875),(2.125,-1.75,6.17709716796875),(3.005203857421875,-1.75,5.6473681640625),(3.005203857421875,1.75,5.6473681640625),(3.005203857421875,1.75,5.6473681640625),(3.005203857421875,-1.75,5.6473681640625),(3.68060791015625,-1.75,4.9570126953125),(3.68060791015625,1.75,4.9570126953125),(3.68060791015625,1.75,4.9570126953125),(3.68060791015625,-1.75,4.9570126953125),(4.1051845703125,-1.75,4.153076171875),(4.1051845703125,1.75,4.153076171875),(4.1051845703125,1.75,4.153076171875),(4.1051845703125,-1.75,4.153076171875),(4.25,-1.75,3.290345947265625),(4.25,1.75,3.290345947265625),(4.25,1.75,3.290345947265625),(4.25,-1.75,3.290345947265625),(5.,-1.75,3.290345947265625),(5.,1.75,3.290345947265625),(5.,1.75,3.290345947265625),(4.8199072265625,1.75,4.3955478515625),(4.3125927734375,1.75,5.37663427734375),(3.5275,1.75,6.19934326171875),(2.514073974609375,1.75,6.829412109375),(1.32175927734375,1.75,7.2325791015625),(7.275957614183426E-15,1.75,7.37458203125),(7.275957614183426E-15,1.75,6.62367919921875),(1.09998095703125,1.75,6.5100986328125),(2.125,1.75,6.17709716796875),(3.005203857421875,1.75,5.6473681640625),(3.68060791015625,1.75,4.9570126953125),(4.1051845703125,1.75,4.153076171875),(4.25,1.75,3.290345947265625),(5.,-1.75,3.290345947265625),(4.8199072265625,-1.75,4.3955478515625),(4.3125927734375,-1.75,5.37663427734375),(3.5275,-1.75,6.19934326171875),(2.514073974609375,-1.75,6.829412109375),(1.32175927734375,-1.75,7.2325791015625),(7.275957614183426E-15,-1.75,7.37458203125),(7.275957614183426E-15,-1.75,6.62367919921875),(1.09998095703125,-1.75,6.5100986328125),(2.125,-1.75,6.17709716796875),(3.005203857421875,-1.75,5.6473681640625),(3.68060791015625,-1.75,4.9570126953125),(4.1051845703125,-1.75,4.153076171875),(4.25,-1.75,3.290345947265625)),$);
#748=IFCLOCALPLACEMENT(#118,#747);
#747=IFCAXIS2PLACEMENT3D(#744,#745,#746);
#746=IFCDIRECTION((1.,0.,0.));
#745=IFCDIRECTION((0.,0.,1.));
#744=IFCCARTESIANPOINT((0.,0.,0.));
#743=IFCBUILDINGELEMENTPROXY('3wmXgRVI1H3fXVl7skWRRu',#6,'Rail bridge arch segment',$,$,#738,#742,$,.NOTDEFINED.);
#742=IFCPRODUCTDEFINITIONSHAPE($,$,(#741));
#741=IFCSHAPEREPRESENTATION(#16,'Body','Tessellation',(#740));
#740=IFCTRIANGULATEDFACESET(#739,$,.T.,((2,1,3),(1,4,3),(5,8,6),(6,8,7),(10,9,11),(9,12,11),(14,13,15),(13,16,15),(18,17,19),(17,20,19),(21,24,22),(22,24,23),(25,28,26),(26,28,27),(29,32,30),(30,32,31),(34,33,35),(33,36,35),(38,37,39),(37,40,39),(41,44,42),(42,44,43),(45,48,46),(46,48,47),(49,52,50),(50,52,51),(54,53,55),(53,56,55),(70,58,57),(70,69,58),(69,59,58),(69,68,59),(67,60,68),(68,60,59),(66,61,67),(67,61,60),(65,62,66),(66,62,61),(64,63,65),(65,63,62),(72,84,71),(83,84,72),(73,83,72),(82,83,73),(74,81,82),(74,82,73),(75,80,81),(75,81,74),(76,79,80),(76,80,75),(77,78,79),(77,79,76)),$);
#739=IFCCARTESIANPOINTLIST3D(((-5.,-1.75,3.290345947265625),(-5.,1.75,3.290345947265625),(-4.8199072265625,1.75,4.3955478515625),(-4.8199072265625,-1.75,4.3955478515625),(-4.8199072265625,-1.75,4.3955478515625),(-4.8199072265625,1.75,4.3955478515625),(-4.3125927734375,1.75,5.37663427734375),(-4.3125927734375,-1.75,5.37663427734375),(-4.3125927734375,-1.75,5.37663427734375),(-4.3125927734375,1.75,5.37663427734375),(-3.5275,1.75,6.19934326171875),(-3.5275,-1.75,6.19934326171875),(-3.5275,-1.75,6.19934326171875),(-3.5275,1.75,6.19934326171875),(-2.514073974609375,1.75,6.829412109375),(-2.514073974609375,-1.75,6.829412109375),(-2.514073974609375,-1.75,6.829412109375),(-2.514073974609375,1.75,6.829412109375),(-1.32175927734375,1.75,7.2325791015625),(-1.32175927734375,-1.75,7.2325791015625),(-1.32175927734375,-1.75,7.2325791015625),(-1.32175927734375,1.75,7.2325791015625),(-1.8189894035458565E-15,1.75,7.37458203125),(3.637978807091713E-15,-1.75,7.37458203125),(3.637978807091713E-15,-1.75,7.37458203125),(-1.8189894035458565E-15,1.75,7.37458203125),(-1.8189894035458565E-15,1.75,6.62367919921875),(3.637978807091713E-15,-1.75,6.62367919921875),(3.637978807091713E-15,-1.75,6.62367919921875),(-1.8189894035458565E-15,1.75,6.62367919921875),(-1.09998095703125,1.75,6.5100986328125),(-1.09998095703125,-1.75,6.5100986328125),(-1.09998095703125,-1.75,6.5100986328125),(-1.09998095703125,1.75,6.5100986328125),(-2.125,1.75,6.17709716796875),(-2.125,-1.75,6.17709716796875),(-2.125,-1.75,6.17709716796875),(-2.125,1.75,6.17709716796875),(-3.005203857421875,1.75,5.6473681640625),(-3.005203857421875,-1.75,5.6473681640625),(-3.005203857421875,-1.75,5.6473681640625),(-3.005203857421875,1.75,5.6473681640625),(-3.68060791015625,1.75,4.9570126953125),(-3.68060791015625,-1.75,4.9570126953125),(-3.68060791015625,-1.75,4.9570126953125),(-3.68060791015625,1.75,4.9570126953125),(-4.1051845703125,1.75,4.153076171875),(-4.1051845703125,-1.75,4.153076171875),(-4.1051845703125,-1.75,4.153076171875),(-4.1051845703125,1.75,4.153076171875),(-4.25,1.75,3.290345947265625),(-4.25,-1.75,3.290345947265625),(-4.25,-1.75,3.290345947265625),(-4.25,1.75,3.290345947265625),(-5.,1.75,3.290345947265625),(-5.,-1.75,3.290345947265625),(-5.,-1.75,3.290345947265625),(-4.8199072265625,-1.75,4.3955478515625),(-4.3125927734375,-1.75,5.37663427734375),(-3.5275,-1.75,6.19934326171875),(-2.514073974609375,-1.75,6.829412109375),(-1.32175927734375,-1.75,7.2325791015625),(3.637978807091713E-15,-1.75,7.37458203125),(3.637978807091713E-15,-1.75,6.62367919921875),(-1.09998095703125,-1.75,6.5100986328125),(-2.125,-1.75,6.17709716796875),(-3.005203857421875,-1.75,5.6473681640625),(-3.68060791015625,-1.75,4.9570126953125),(-4.1051845703125,-1.75,4.153076171875),(-4.25,-1.75,3.290345947265625),(-5.,1.75,3.290345947265625),(-4.8199072265625,1.75,4.3955478515625),(-4.3125927734375,1.75,5.37663427734375),(-3.5275,1.75,6.19934326171875),(-2.514073974609375,1.75,6.829412109375),(-1.32175927734375,1.75,7.2325791015625),(-3.637978807091713E-15,1.75,7.37458203125),(-3.637978807091713E-15,1.75,6.62367919921875),(-1.09998095703125,1.75,6.5100986328125),(-2.125,1.75,6.17709716796875),(-3.005203857421875,1.75,5.6473681640625),(-3.68060791015625,1.75,4.9570126953125),(-4.1051845703125,1.75,4.153076171875),(-4.25,1.75,3.290345947265625)),$);
#738=IFCLOCALPLACEMENT(#118,#737);
#737=IFCAXIS2PLACEMENT3D(#734,#735,#736);
#736=IFCDIRECTION((1.,0.,0.));
#735=IFCDIRECTION((0.,0.,1.));
#734=IFCCARTESIANPOINT((0.,0.,0.));
#733=IFCBUILDINGELEMENTPROXY('3xmXmkV1zVUvLVjyInWRkn',#6,'Rail bridge arch segment',$,$,#728,#732,$,.NOTDEFINED.);
#732=IFCPRODUCTDEFINITIONSHAPE($,$,(#731));
#731=IFCSHAPEREPRESENTATION(#16,'Body','Tessellation',(#730));
#730=IFCTRIANGULATEDFACESET(#729,$,.T.,((2,1,3),(1,4,3),(5,8,6),(6,8,7),(10,9,11),(9,12,11),(13,16,14),(14,16,15),(18,17,19),(17,20,19),(21,24,22),(22,24,23),(25,28,26),(26,28,27),(29,32,30),(30,32,31),(34,33,35),(33,36,35),(38,37,39),(37,40,39),(41,44,42),(42,44,43),(45,48,46),(46,48,47),(49,52,50),(50,52,51),(53,56,54),(54,56,55),(70,58,57),(70,69,58),(69,59,58),(69,68,59),(67,60,68),(68,60,59),(66,61,67),(67,61,60),(65,62,66),(66,62,61),(64,63,65),(65,63,62),(72,84,71),(83,84,72),(73,83,72),(82,83,73),(74,81,82),(74,82,73),(75,80,81),(75,81,74),(76,79,80),(76,80,75),(77,78,79),(77,79,76)),$);
#729=IFCCARTESIANPOINTLIST3D(((-5.,1.75,3.290345947265625),(-5.,-1.75,3.290345947265625),(-5.1800927734375,-1.75,4.3955478515625),(-5.1800927734375,1.75,4.3955478515625),(-5.1800927734375,1.75,4.3955478515625),(-5.1800927734375,-1.75,4.3955478515625),(-5.6874072265625,-1.75,5.37663427734375),(-5.6874072265625,1.75,5.37663427734375),(-5.6874072265625,1.75,5.37663427734375),(-5.6874072265625,-1.75,5.37663427734375),(-6.4725,-1.75,6.19934326171875),(-6.4725,1.75,6.19934326171875),(-6.4725,1.75,6.19934326171875),(-6.4725,-1.75,6.19934326171875),(-7.48592578125,-1.75,6.829412109375),(-7.48592578125,1.75,6.829412109375),(-7.48592578125,1.75,6.829412109375),(-7.48592578125,-1.75,6.829412109375),(-8.6782412109375,-1.75,7.2325791015625),(-8.6782412109375,1.75,7.2325791015625),(-8.6782412109375,1.75,7.2325791015625),(-8.6782412109375,-1.75,7.2325791015625),(-10.,-1.75,7.37458203125),(-10.,1.75,7.37458203125),(-10.,1.75,7.37458203125),(-10.,-1.75,7.37458203125),(-10.,-1.75,6.62367919921875),(-10.,1.75,6.62367919921875),(-10.,1.75,6.62367919921875),(-10.,-1.75,6.62367919921875),(-8.90001953125,-1.75,6.5100986328125),(-8.90001953125,1.75,6.5100986328125),(-8.90001953125,1.75,6.5100986328125),(-8.90001953125,-1.75,6.5100986328125),(-7.875,-1.75,6.17709716796875),(-7.875,1.75,6.17709716796875),(-7.875,1.75,6.17709716796875),(-7.875,-1.75,6.17709716796875),(-6.99479638671875,-1.75,5.6473681640625),(-6.99479638671875,1.75,5.6473681640625),(-6.99479638671875,1.75,5.6473681640625),(-6.99479638671875,-1.75,5.6473681640625),(-6.31939208984375,-1.75,4.9570126953125),(-6.31939208984375,1.75,4.9570126953125),(-6.31939208984375,1.75,4.9570126953125),(-6.31939208984375,-1.75,4.9570126953125),(-5.8948154296875,-1.75,4.153076171875),(-5.8948154296875,1.75,4.153076171875),(-5.8948154296875,1.75,4.153076171875),(-5.8948154296875,-1.75,4.153076171875),(-5.75,-1.75,3.290345947265625),(-5.75,1.75,3.290345947265625),(-5.75,1.75,3.290345947265625),(-5.75,-1.75,3.290345947265625),(-5.,-1.75,3.290345947265625),(-5.,1.75,3.290345947265625),(-5.,1.75,3.290345947265625),(-5.1800927734375,1.75,4.3955478515625),(-5.6874072265625,1.75,5.37663427734375),(-6.4725,1.75,6.19934326171875),(-7.48592578125,1.75,6.829412109375),(-8.6782412109375,1.75,7.2325791015625),(-10.,1.75,7.37458203125),(-10.,1.75,6.62367919921875),(-8.90001953125,1.75,6.5100986328125),(-7.875,1.75,6.17709716796875),(-6.99479638671875,1.75,5.6473681640625),(-6.31939208984375,1.75,4.9570126953125),(-5.8948154296875,1.75,4.153076171875),(-5.75,1.75,3.290345947265625),(-5.,-1.75,3.290345947265625),(-5.1800927734375,-1.75,4.3955478515625),(-5.6874072265625,-1.75,5.37663427734375),(-6.4725,-1.75,6.19934326171875),(-7.48592578125,-1.75,6.829412109375),(-8.6782412109375,-1.75,7.2325791015625),(-10.,-1.75,7.37458203125),(-10.,-1.75,6.62367919921875),(-8.90001953125,-1.75,6.5100986328125),(-7.875,-1.75,6.17709716796875),(-6.99479638671875,-1.75,5.6473681640625),(-6.31939208984375,-1.75,4.9570126953125),(-5.8948154296875,-1.75,4.153076171875),(-5.75,-1.75,3.290345947265625)),$);
#728=IFCLOCALPLACEMENT(#118,#727);
#727=IFCAXIS2PLACEMENT3D(#724,#725,#726);
#726=IFCDIRECTION((1.,0.,0.));
#725=IFCDIRECTION((0.,0.,1.));
#724=IFCCARTESIANPOINT((0.,0.,0.));
#723=IFCRELDEFINESBYPROPERTIES('0kdr27OrjT_fECHs7KuN6i',#6,$,$,(#717),#722);
#722=IFCELEMENTQUANTITY('0jdqxqP5jVZPACHSxLuNC$',#6,'Qto_ColumnBaseQuantities',$,'BaseQuantities',(#718,#719,#720,#721));
#721=IFCQUANTITYVOLUME('NetVolume',$,$,24.9502836,$);
#720=IFCQUANTITYVOLUME('GrossVolume',$,$,24.9502836,$);
#719=IFCQUANTITYAREA('CrossSectionArea',$,$,6.6,$);
#718=IFCQUANTITYLENGTH('Length',$,$,3.780346,$);
#717=IFCCOLUMN('0l5WrB_4nMresJKWahHJYK',#6,'Column 7',$,$,#705,#716,$,$);
#716=IFCPRODUCTDEFINITIONSHAPE($,$,(#715));
#715=IFCSHAPEREPRESENTATION(#16,'Body','SweptSolid',(#714));
#714=IFCEXTRUDEDAREASOLID(#708,#712,#713,3.780346);
#713=IFCDIRECTION((0.,0.,1.));
#712=IFCAXIS2PLACEMENT3D(#709,#710,#711);
#711=IFCDIRECTION((1.,0.,0.));
#710=IFCDIRECTION((0.,0.,1.));
#709=IFCCARTESIANPOINT((0.,0.,0.));
#708=IFCRECTANGLEPROFILEDEF(.AREA.,$,#707,1.5,4.4);
#707=IFCAXIS2PLACEMENT2D(#706,$);
#706=IFCCARTESIANPOINT((0.,0.));
#705=IFCLOCALPLACEMENT(#160,#704);
#704=IFCAXIS2PLACEMENT3D(#701,#702,#703);
#703=IFCDIRECTION((1.,0.,0.));
#702=IFCDIRECTION((0.,0.,1.));
#701=IFCCARTESIANPOINT((0.7500000000000037,2.2000000000000073,0.));
#700=IFCRELDEFINESBYPROPERTIES('2ZcVY8LbPSLPoGqhhZvWPt',#6,$,$,(#694),#699);
#699=IFCELEMENTQUANTITY('0L6uFjOt1JWBuIHEzoFMkY',#6,'Qto_ColumnBaseQuantities',$,'BaseQuantities',(#695,#696,#697,#698));
#698=IFCQUANTITYVOLUME('NetVolume',$,$,24.9502836,$);
#697=IFCQUANTITYVOLUME('GrossVolume',$,$,24.9502836,$);
#696=IFCQUANTITYAREA('CrossSectionArea',$,$,6.6,$);
#695=IFCQUANTITYLENGTH('Length',$,$,3.780346,$);
#694=IFCCOLUMN('0MTH0o_RbOhwwXEip77Qkn',#6,'Column 6',$,$,#682,#693,$,$);
#693=IFCPRODUCTDEFINITIONSHAPE($,$,(#692));
#692=IFCSHAPEREPRESENTATION(#16,'Body','SweptSolid',(#691));
#691=IFCEXTRUDEDAREASOLID(#685,#689,#690,3.780346);
#690=IFCDIRECTION((0.,0.,1.));
#689=IFCAXIS2PLACEMENT3D(#686,#687,#688);
#688=IFCDIRECTION((1.,0.,0.));
#687=IFCDIRECTION((0.,0.,1.));
#686=IFCCARTESIANPOINT((0.,0.,0.));
#685=IFCRECTANGLEPROFILEDEF(.AREA.,$,#684,1.5,4.4);
#684=IFCAXIS2PLACEMENT2D(#683,$);
#683=IFCCARTESIANPOINT((0.,0.));
#682=IFCLOCALPLACEMENT(#154,#681);
#681=IFCAXIS2PLACEMENT3D(#678,#679,#680);
#680=IFCDIRECTION((1.,0.,0.));
#679=IFCDIRECTION((0.,0.,1.));
#678=IFCCARTESIANPOINT((0.75,2.2,0.));
#677=IFCRELDEFINESBYPROPERTIES('27D3n9uObUm8GWZsjaJ60Y',#6,$,$,(#671),#676);
#676=IFCELEMENTQUANTITY('26D3gsuebGKuCWZTXbJ66r',#6,'Qto_ColumnBaseQuantities',$,'BaseQuantities',(#672,#673,#674,#675));
#675=IFCQUANTITYVOLUME('NetVolume',$,$,24.9502836,$);
#674=IFCQUANTITYVOLUME('GrossVolume',$,$,24.9502836,$);
#673=IFCQUANTITYAREA('CrossSectionArea',$,$,6.6,$);
#672=IFCQUANTITYLENGTH('Length',$,$,3.780346,$);
#671=IFCCOLUMN('1jjpOvAjPPL8ldE4VMa7PQ',#6,'Column 5',$,$,#659,#670,$,$);
#670=IFCPRODUCTDEFINITIONSHAPE($,$,(#669));
#669=IFCSHAPEREPRESENTATION(#16,'Body','SweptSolid',(#668));
#668=IFCEXTRUDEDAREASOLID(#662,#666,#667,3.780346);
#667=IFCDIRECTION((0.,0.,1.));
#666=IFCAXIS2PLACEMENT3D(#663,#664,#665);
#665=IFCDIRECTION((1.,0.,0.));
#664=IFCDIRECTION((0.,0.,1.));
#663=IFCCARTESIANPOINT((0.,0.,0.));
#662=IFCRECTANGLEPROFILEDEF(.AREA.,$,#661,1.5,4.4);
#661=IFCAXIS2PLACEMENT2D(#660,$);
#660=IFCCARTESIANPOINT((0.,0.));
#659=IFCLOCALPLACEMENT(#136,#658);
#658=IFCAXIS2PLACEMENT3D(#655,#656,#657);
#657=IFCDIRECTION((1.,0.,0.));
#656=IFCDIRECTION((0.,0.,1.));
#655=IFCCARTESIANPOINT((0.75,2.1999999999999926,0.));
#654=IFCRELDEFINESBYPROPERTIES('2OEDGwS8vT2u4S3OJtHpTT',#6,$,$,(#648),#653);
#653=IFCELEMENTQUANTITY('2JECnRTOvKwe0S2$7mHonO',#6,'Qto_ColumnBaseQuantities',$,'BaseQuantities',(#649,#650,#651,#652));
#652=IFCQUANTITYVOLUME('NetVolume',$,$,24.9502836,$);
#651=IFCQUANTITYVOLUME('GrossVolume',$,$,24.9502836,$);
#650=IFCQUANTITYAREA('CrossSectionArea',$,$,6.6,$);
#649=IFCQUANTITYLENGTH('Length',$,$,3.780346,$);
#648=IFCCOLUMN('1ulChyBcHHSQeOVsux$Y$p',#6,'Column 4',$,$,#636,#647,$,$);
#647=IFCPRODUCTDEFINITIONSHAPE($,$,(#646));
#646=IFCSHAPEREPRESENTATION(#16,'Body','SweptSolid',(#645));
#645=IFCEXTRUDEDAREASOLID(#639,#643,#644,3.780346);
#644=IFCDIRECTION((0.,0.,1.));
#643=IFCAXIS2PLACEMENT3D(#640,#641,#642);
#642=IFCDIRECTION((1.,0.,0.));
#641=IFCDIRECTION((0.,0.,1.));
#640=IFCCARTESIANPOINT((0.,0.,0.));
#639=IFCRECTANGLEPROFILEDEF(.AREA.,$,#638,1.5,4.4);
#638=IFCAXIS2PLACEMENT2D(#637,$);
#637=IFCCARTESIANPOINT((0.,0.));
#636=IFCLOCALPLACEMENT(#130,#635);
#635=IFCAXIS2PLACEMENT3D(#632,#633,#634);
#634=IFCDIRECTION((1.,0.,0.));
#633=IFCDIRECTION((0.,0.,1.));
#632=IFCCARTESIANPOINT((0.75,2.2000000000000073,0.));
#631=IFCRELDEFINESBYPROPERTIES('2HARwhRtzGxe8h6Q7sLa1K',#6,$,$,(#625),#630);
#630=IFCELEMENTQUANTITY('2GARqOS7zIWO4h60xtLa7d',#6,'Qto_ColumnBaseQuantities',$,'BaseQuantities',(#626,#627,#628,#629));
#629=IFCQUANTITYVOLUME('NetVolume',$,$,4.52691558,$);
#628=IFCQUANTITYVOLUME('GrossVolume',$,$,4.52691558,$);
#627=IFCQUANTITYAREA('CrossSectionArea',$,$,1.98,$);
#626=IFCQUANTITYLENGTH('Length',$,$,2.286321,$);
#625=IFCCOLUMN('3q4e07MJHKoet$GZ6pwTSS',#6,'Column 3',$,$,#613,#624,$,$);
#624=IFCPRODUCTDEFINITIONSHAPE($,$,(#623));
#623=IFCSHAPEREPRESENTATION(#16,'Body','SweptSolid',(#622));
#622=IFCEXTRUDEDAREASOLID(#616,#620,#621,2.286321);
#621=IFCDIRECTION((0.,0.,1.));
#620=IFCAXIS2PLACEMENT3D(#617,#618,#619);
#619=IFCDIRECTION((1.,0.,0.));
#618=IFCDIRECTION((0.,0.,1.));
#617=IFCCARTESIANPOINT((0.,0.,0.));
#616=IFCRECTANGLEPROFILEDEF(.AREA.,$,#615,3.6,0.55);
#615=IFCAXIS2PLACEMENT2D(#614,$);
#614=IFCCARTESIANPOINT((0.,0.));
#613=IFCLOCALPLACEMENT(#76,#612);
#612=IFCAXIS2PLACEMENT3D(#609,#610,#611);
#611=IFCDIRECTION((1.,0.,0.));
#610=IFCDIRECTION((0.,0.,1.));
#609=IFCCARTESIANPOINT((1.8,0.275,0.));
#608=IFCRELDEFINESBYPROPERTIES('0ACJZhRe5TyeCe4nrjJgpa',#6,$,$,(#602),#607);
#607=IFCELEMENTQUANTITY('07CJGoSO5IgxGd_u1aJfwv',#6,'Qto_ColumnBaseQuantities',$,'BaseQuantities',(#603,#604,#605,#606));
#606=IFCQUANTITYVOLUME('NetVolume',$,$,4.52691558,$);
#605=IFCQUANTITYVOLUME('GrossVolume',$,$,4.52691558,$);
#604=IFCQUANTITYAREA('CrossSectionArea',$,$,1.98,$);
#603=IFCQUANTITYLENGTH('Length',$,$,2.286321,$);
#602=IFCCOLUMN('0hBuMuQKrSWQJNI$e1gvgx',#6,'Column 2',$,$,#590,#601,$,$);
#601=IFCPRODUCTDEFINITIONSHAPE($,$,(#600));
#600=IFCSHAPEREPRESENTATION(#16,'Body','SweptSolid',(#599));
#599=IFCEXTRUDEDAREASOLID(#593,#597,#598,2.286321);
#598=IFCDIRECTION((0.,0.,1.));
#597=IFCAXIS2PLACEMENT3D(#594,#595,#596);
#596=IFCDIRECTION((1.,0.,0.));
#595=IFCDIRECTION((0.,0.,1.));
#594=IFCCARTESIANPOINT((0.,0.,0.));
#593=IFCRECTANGLEPROFILEDEF(.AREA.,$,#592,3.6,0.55);
#592=IFCAXIS2PLACEMENT2D(#591,$);
#591=IFCCARTESIANPOINT((0.,0.));
#590=IFCLOCALPLACEMENT(#70,#589);
#589=IFCAXIS2PLACEMENT3D(#586,#587,#588);
#588=IFCDIRECTION((1.,0.,0.));
#587=IFCDIRECTION((0.,0.,1.));
#586=IFCCARTESIANPOINT((1.8000000000000036,0.27500000000000363,0.));
#585=IFCRELDEFINESBYPROPERTIES('1rjFbrWlvMwAnrefEj5nos',#6,$,$,(#579),#584);
#584=IFCELEMENTQUANTITY('1qjFVYW$vOUwjreG2k5nv9',#6,'Qto_ColumnBaseQuantities',$,'BaseQuantities',(#580,#581,#582,#583));
#583=IFCQUANTITYVOLUME('NetVolume',$,$,4.52691558,$);
#582=IFCQUANTITYVOLUME('GrossVolume',$,$,4.52691558,$);
#581=IFCQUANTITYAREA('CrossSectionArea',$,$,1.98,$);
#580=IFCQUANTITYLENGTH('Length',$,$,2.286321,$);
#579=IFCCOLUMN('3RhaELa7LKP9_oTXFxmoGY',#6,'Column 1',$,$,#567,#578,$,$);
#578=IFCPRODUCTDEFINITIONSHAPE($,$,(#577));
#577=IFCSHAPEREPRESENTATION(#16,'Body','SweptSolid',(#576));
#576=IFCEXTRUDEDAREASOLID(#570,#574,#575,2.286321);
#575=IFCDIRECTION((0.,0.,1.));
#574=IFCAXIS2PLACEMENT3D(#571,#572,#573);
#573=IFCDIRECTION((1.,0.,0.));
#572=IFCDIRECTION((0.,0.,1.));
#571=IFCCARTESIANPOINT((0.,0.,0.));
#570=IFCRECTANGLEPROFILEDEF(.AREA.,$,#569,3.6,0.55);
#569=IFCAXIS2PLACEMENT2D(#568,$);
#568=IFCCARTESIANPOINT((0.,0.));
#567=IFCLOCALPLACEMENT(#64,#566);
#566=IFCAXIS2PLACEMENT3D(#563,#564,#565);
#565=IFCDIRECTION((1.,0.,0.));
#564=IFCDIRECTION((0.,0.,1.));
#563=IFCCARTESIANPOINT((1.7999999999999963,0.275,0.));
#562=IFCRELDEFINESBYPROPERTIES('3_kavESTnPux5St0mt$b_X',#6,$,$,(#556),#561);
#561=IFCELEMENTQUANTITY('3zkaoxSjnRThHSuCKq$bhe',#6,'Qto_BeamBaseQuantities',$,'BaseQuantities',(#557,#558,#559,#560));
#560=IFCQUANTITYVOLUME('NetVolume',$,$,0.34611309,$);
#559=IFCQUANTITYVOLUME('GrossVolume',$,$,0.34611309,$);
#558=IFCQUANTITYAREA('CrossSectionArea',$,$,0.096142525,$);
#557=IFCQUANTITYLENGTH('Length',$,$,3.6,$);
#556=IFCBEAM('3Te2jlU4rJNgSSLD680Lu8',#6,'Beam 8',$,$,#540,#555,$,$);
#555=IFCPRODUCTDEFINITIONSHAPE($,$,(#554));
#554=IFCSHAPEREPRESENTATION(#16,'Body','SweptSolid',(#553));
#553=IFCEXTRUDEDAREASOLID(#547,#551,#552,3.6);
#552=IFCDIRECTION((0.,0.,1.));
#551=IFCAXIS2PLACEMENT3D(#548,#549,#550);
#550=IFCDIRECTION((1.,0.,0.));
#549=IFCDIRECTION((0.,0.,1.));
#548=IFCCARTESIANPOINT((0.,0.,0.));
#547=IFCARBITRARYCLOSEDPROFILEDEF(.AREA.,$,#546);
#546=IFCPOLYLINE((#541,#542,#543,#544,#545,#541));
#545=IFCCARTESIANPOINT((0.,0.539493));
#544=IFCCARTESIANPOINT((0.175,0.5569930000000001));
#543=IFCCARTESIANPOINT((0.175,0.02));
#542=IFCCARTESIANPOINT((0.195,0.));
#541=IFCCARTESIANPOINT((0.,0.));
#540=IFCLOCALPLACEMENT(#112,#539);
#539=IFCAXIS2PLACEMENT3D(#536,#537,#538);
#538=IFCDIRECTION((0.,1.,0.));
#537=IFCDIRECTION((1.,0.,0.));
#536=IFCCARTESIANPOINT((0.,0.,0.));
#535=IFCRELDEFINESBYPROPERTIES('1rnaAMWk9GQwnfe22j1TEL',#6,$,$,(#529),#534);
#534=IFCELEMENTQUANTITY('1snaGfWU9UsArfeREi1T82',#6,'Qto_BeamBaseQuantities',$,'BaseQuantities',(#530,#531,#532,#533));
#533=IFCQUANTITYVOLUME('NetVolume',$,$,0.34611309,$);
#532=IFCQUANTITYVOLUME('GrossVolume',$,$,0.34611309,$);
#531=IFCQUANTITYAREA('CrossSectionArea',$,$,0.096142525,$);
#530=IFCQUANTITYLENGTH('Length',$,$,3.6,$);
#529=IFCBEAM('2$yagSw_PGdP8S6JABIe1R',#6,'Beam 7',$,$,#513,#528,$,$);
#528=IFCPRODUCTDEFINITIONSHAPE($,$,(#527));
#527=IFCSHAPEREPRESENTATION(#16,'Body','SweptSolid',(#526));
#526=IFCEXTRUDEDAREASOLID(#520,#524,#525,3.6);
#525=IFCDIRECTION((0.,0.,1.));
#524=IFCAXIS2PLACEMENT3D(#521,#522,#523);
#523=IFCDIRECTION((1.,0.,0.));
#522=IFCDIRECTION((0.,0.,1.));
#521=IFCCARTESIANPOINT((0.,0.,0.));
#520=IFCARBITRARYCLOSEDPROFILEDEF(.AREA.,$,#519);
#519=IFCPOLYLINE((#514,#515,#516,#517,#518,#514));
#518=IFCCARTESIANPOINT((0.,0.539493));
#517=IFCCARTESIANPOINT((-0.175,0.5569930000000001));
#516=IFCCARTESIANPOINT((-0.175,0.02));
#515=IFCCARTESIANPOINT((-0.195,0.));
#514=IFCCARTESIANPOINT((0.,0.));
#513=IFCLOCALPLACEMENT(#100,#512);
#512=IFCAXIS2PLACEMENT3D(#509,#510,#511);
#511=IFCDIRECTION((0.,1.,0.));
#510=IFCDIRECTION((1.,0.,0.));
#509=IFCCARTESIANPOINT((0.,0.,0.));
#508=IFCRELDEFINESBYPROPERTIES('1uo8Nc$_fGzxTYB2mw0j$r',#6,$,$,(#502),#507);
#507=IFCELEMENTQUANTITY('23o9StzEfVfhvYDp4x0k68',#6,'Qto_BeamBaseQuantities',$,'BaseQuantities',(#503,#504,#505,#506));
#506=IFCQUANTITYVOLUME('NetVolume',$,$,0.741825,$);
#505=IFCQUANTITYVOLUME('GrossVolume',$,$,0.741825,$);
#504=IFCQUANTITYAREA('CrossSectionArea',$,$,0.075,$);
#503=IFCQUANTITYLENGTH('Length',$,$,9.891,$);
#502=IFCBEAM('2XqYUiFSnSRu1FYRfmizK5',#6,'Beam 6',$,$,#490,#501,$,$);
#501=IFCPRODUCTDEFINITIONSHAPE($,$,(#500));
#500=IFCSHAPEREPRESENTATION(#16,'Body','SweptSolid',(#499));
#499=IFCEXTRUDEDAREASOLID(#493,#497,#498,9.891);
#498=IFCDIRECTION((0.,0.,1.));
#497=IFCAXIS2PLACEMENT3D(#494,#495,#496);
#496=IFCDIRECTION((1.,0.,0.));
#495=IFCDIRECTION((0.,0.,1.));
#494=IFCCARTESIANPOINT((0.,0.,0.));
#493=IFCRECTANGLEPROFILEDEF(.AREA.,$,#492,0.25,0.3);
#492=IFCAXIS2PLACEMENT2D(#491,$);
#491=IFCCARTESIANPOINT((0.,0.));
#490=IFCLOCALPLACEMENT(#82,#489);
#489=IFCAXIS2PLACEMENT3D(#486,#487,#488);
#488=IFCDIRECTION((0.,1.,0.));
#487=IFCDIRECTION((1.,0.,0.));
#486=IFCCARTESIANPOINT((4.9455,-1.55,-0.206));
#485=IFCRELDEFINESBYPROPERTIES('1pORWA1cTJuwaD1PZFGUuH',#6,$,$,(#479),#484);
#484=IFCELEMENTQUANTITY('1qORcT1MTIKAeD1olEGUn_',#6,'Qto_BeamBaseQuantities',$,'BaseQuantities',(#480,#481,#482,#483));
#483=IFCQUANTITYVOLUME('NetVolume',$,$,0.741825,$);
#482=IFCQUANTITYVOLUME('GrossVolume',$,$,0.741825,$);
#481=IFCQUANTITYAREA('CrossSectionArea',$,$,0.075,$);
#480=IFCQUANTITYLENGTH('Length',$,$,9.891,$);
#479=IFCBEAM('2YqYa$FCnQt85FYqrlizDo',#6,'Beam 5',$,$,#467,#478,$,$);
#478=IFCPRODUCTDEFINITIONSHAPE($,$,(#477));
#477=IFCSHAPEREPRESENTATION(#16,'Body','SweptSolid',(#476));
#476=IFCEXTRUDEDAREASOLID(#470,#474,#475,9.891);
#475=IFCDIRECTION((0.,0.,1.));
#474=IFCAXIS2PLACEMENT3D(#471,#472,#473);
#473=IFCDIRECTION((1.,0.,0.));
#472=IFCDIRECTION((0.,0.,1.));
#471=IFCCARTESIANPOINT((0.,0.,0.));
#470=IFCRECTANGLEPROFILEDEF(.AREA.,$,#469,0.25,0.3);
#469=IFCAXIS2PLACEMENT2D(#468,$);
#468=IFCCARTESIANPOINT((0.,0.));
#467=IFCLOCALPLACEMENT(#82,#466);
#466=IFCAXIS2PLACEMENT3D(#463,#464,#465);
#465=IFCDIRECTION((0.,1.,0.));
#464=IFCDIRECTION((1.,0.,0.));
#463=IFCCARTESIANPOINT((4.9455,0.125,-0.206));
#462=IFCRELDEFINESBYPROPERTIES('1cNIPbYqvTN9VgM9DGCwwQ',#6,$,$,(#456),#461);
#461=IFCELEMENTQUANTITY('1ZNI6iZavI5PZgMYPFCwq7',#6,'Qto_BeamBaseQuantities',$,'BaseQuantities',(#457,#458,#459,#460));
#460=IFCQUANTITYVOLUME('NetVolume',$,$,0.741825,$);
#459=IFCQUANTITYVOLUME('GrossVolume',$,$,0.741825,$);
#458=IFCQUANTITYAREA('CrossSectionArea',$,$,0.075,$);
#457=IFCQUANTITYLENGTH('Length',$,$,9.891,$);
#456=IFCBEAM('2ZqYhIFynVbRvFXfHkiz7V',#6,'Beam 4',$,$,#444,#455,$,$);
#455=IFCPRODUCTDEFINITIONSHAPE($,$,(#454));
#454=IFCSHAPEREPRESENTATION(#16,'Body','SweptSolid',(#453));
#453=IFCEXTRUDEDAREASOLID(#447,#451,#452,9.891);
#452=IFCDIRECTION((0.,0.,1.));
#451=IFCAXIS2PLACEMENT3D(#448,#449,#450);
#450=IFCDIRECTION((1.,0.,0.));
#449=IFCDIRECTION((0.,0.,1.));
#448=IFCCARTESIANPOINT((0.,0.,0.));
#447=IFCRECTANGLEPROFILEDEF(.AREA.,$,#446,0.25,0.3);
#446=IFCAXIS2PLACEMENT2D(#445,$);
#445=IFCCARTESIANPOINT((0.,0.));
#444=IFCLOCALPLACEMENT(#82,#443);
#443=IFCAXIS2PLACEMENT3D(#440,#441,#442);
#442=IFCDIRECTION((0.,1.,0.));
#441=IFCDIRECTION((1.,0.,0.));
#440=IFCCARTESIANPOINT((4.9455,1.8,-0.206));
#439=IFCRELDEFINESBYPROPERTIES('1lK6YT4bfQrAJnya$3B1JU',#6,$,$,(#433),#438);
#438=IFCELEMENTQUANTITY('1kK6SA4rfSPwFnyBp4B1Pn',#6,'Qto_BeamBaseQuantities',$,'BaseQuantities',(#434,#435,#436,#437));
#437=IFCQUANTITYVOLUME('NetVolume',$,$,0.48,$);
#436=IFCQUANTITYVOLUME('GrossVolume',$,$,0.48,$);
#435=IFCQUANTITYAREA('CrossSectionArea',$,$,0.12,$);
#434=IFCQUANTITYLENGTH('Length',$,$,4.,$);
#433=IFCBEAM('328s_btivIeg_M4BDGzk4u',#6,'Beam 3',$,$,#421,#432,$,$);
#432=IFCPRODUCTDEFINITIONSHAPE($,$,(#431));
#431=IFCSHAPEREPRESENTATION(#16,'Body','SweptSolid',(#430));
#430=IFCEXTRUDEDAREASOLID(#424,#428,#429,4.);
#429=IFCDIRECTION((0.,0.,1.));
#428=IFCAXIS2PLACEMENT3D(#425,#426,#427);
#427=IFCDIRECTION((1.,0.,0.));
#426=IFCDIRECTION((0.,0.,1.));
#425=IFCCARTESIANPOINT((0.,0.,0.));
#424=IFCRECTANGLEPROFILEDEF(.AREA.,$,#423,0.3,0.4);
#423=IFCAXIS2PLACEMENT2D(#422,$);
#422=IFCCARTESIANPOINT((0.,0.));
#421=IFCLOCALPLACEMENT(#76,#420);
#420=IFCAXIS2PLACEMENT3D(#417,#418,#419);
#419=IFCDIRECTION((0.,1.,0.));
#418=IFCDIRECTION((1.,0.,0.));
#417=IFCCARTESIANPOINT((2.0000000000000018,0.3,-0.556));
#416=IFCRELDEFINESBYPROPERTIES('1WIzFIcLLVAvdt9wpECADT',#6,$,$,(#410),#415);
#415=IFCELEMENTQUANTITY('1VIz8$cbLGlfptB6NBC9wa',#6,'Qto_BeamBaseQuantities',$,'BaseQuantities',(#411,#412,#413,#414));
#414=IFCQUANTITYVOLUME('NetVolume',$,$,0.48,$);
#413=IFCQUANTITYVOLUME('GrossVolume',$,$,0.48,$);
#412=IFCQUANTITYAREA('CrossSectionArea',$,$,0.12,$);
#411=IFCQUANTITYLENGTH('Length',$,$,4.,$);
#410=IFCBEAM('3PkurCoFDQWvTqMPBVZU0n',#6,'Beam 2',$,$,#398,#409,$,$);
#409=IFCPRODUCTDEFINITIONSHAPE($,$,(#408));
#408=IFCSHAPEREPRESENTATION(#16,'Body','SweptSolid',(#407));
#407=IFCEXTRUDEDAREASOLID(#401,#405,#406,4.);
#406=IFCDIRECTION((0.,0.,1.));
#405=IFCAXIS2PLACEMENT3D(#402,#403,#404);
#404=IFCDIRECTION((1.,0.,0.));
#403=IFCDIRECTION((0.,0.,1.));
#402=IFCCARTESIANPOINT((0.,0.,0.));
#401=IFCRECTANGLEPROFILEDEF(.AREA.,$,#400,0.3,0.4);
#400=IFCAXIS2PLACEMENT2D(#399,$);
#399=IFCCARTESIANPOINT((0.,0.));
#398=IFCLOCALPLACEMENT(#70,#397);
#397=IFCAXIS2PLACEMENT3D(#394,#395,#396);
#396=IFCDIRECTION((0.,1.,0.));
#395=IFCDIRECTION((1.,0.,0.));
#394=IFCCARTESIANPOINT((2.0000000000000018,0.,-0.556));
#393=IFCRELDEFINESBYPROPERTIES('1H_$Fi9yrO0PWp_s8nNFLN',#6,$,$,(#387),#392);
#392=IFCELEMENTQUANTITY('1I_$L$9irMRfap$FKmNFF4',#6,'Qto_BeamBaseQuantities',$,'BaseQuantities',(#388,#389,#390,#391));
#391=IFCQUANTITYVOLUME('NetVolume',$,$,0.48,$);
#390=IFCQUANTITYVOLUME('GrossVolume',$,$,0.48,$);
#389=IFCQUANTITYAREA('CrossSectionArea',$,$,0.12,$);
#388=IFCQUANTITYLENGTH('Length',$,$,4.,$);
#387=IFCBEAM('0molgFiTfTSAD$dLdLt1sg',#6,'Beam 1',$,$,#375,#386,$,$);
#386=IFCPRODUCTDEFINITIONSHAPE($,$,(#385));
#385=IFCSHAPEREPRESENTATION(#16,'Body','SweptSolid',(#384));
#384=IFCEXTRUDEDAREASOLID(#378,#382,#383,4.);
#383=IFCDIRECTION((0.,0.,1.));
#382=IFCAXIS2PLACEMENT3D(#379,#380,#381);
#381=IFCDIRECTION((1.,0.,0.));
#380=IFCDIRECTION((0.,0.,1.));
#379=IFCCARTESIANPOINT((0.,0.,0.));
#378=IFCRECTANGLEPROFILEDEF(.AREA.,$,#377,0.3,0.4);
#377=IFCAXIS2PLACEMENT2D(#376,$);
#376=IFCCARTESIANPOINT((0.,0.));
#375=IFCLOCALPLACEMENT(#64,#374);
#374=IFCAXIS2PLACEMENT3D(#371,#372,#373);
#373=IFCDIRECTION((0.,1.,0.));
#372=IFCDIRECTION((1.,0.,0.));
#371=IFCCARTESIANPOINT((2.,0.3,-0.556));
#370=IFCRELDEFINESBYPROPERTIES('3Oup2B6CXJDgCvKs4kJUOK',#6,$,$,(#360),#369);
#369=IFCELEMENTQUANTITY('3RuFQj9SfMH9OsDjChK1$o',#6,'Qto_SlabBaseQuantities',$,'BaseQuantities',(#361,#362,#363,#364,#365,#366,#367,#368));
#368=IFCQUANTITYVOLUME('NetVolume',$,$,1.7534131199999998,$);
#367=IFCQUANTITYVOLUME('GrossVolume',$,$,1.7534131199999998,$);
#366=IFCQUANTITYAREA('NetArea',$,$,8.767065599999999,$);
#365=IFCQUANTITYAREA('GrossArea',$,$,8.767065599999999,$);
#364=IFCQUANTITYLENGTH('Perimeter',$,$,12.070592,$);
#363=IFCQUANTITYLENGTH('Depth',$,$,0.2,$);
#362=IFCQUANTITYLENGTH('Length',$,$,2.4352959999999997,$);
#361=IFCQUANTITYLENGTH('Width',$,$,3.6,$);
#360=IFCSLAB('0oUFFbDynQrfIjWulmgEgq',#6,'Slab 3',$,$,#348,#359,$,$);
#359=IFCPRODUCTDEFINITIONSHAPE($,$,(#358));
#358=IFCSHAPEREPRESENTATION(#16,'Body','SweptSolid',(#357));
#357=IFCEXTRUDEDAREASOLID(#351,#355,#356,0.2);
#356=IFCDIRECTION((0.,0.,1.));
#355=IFCAXIS2PLACEMENT3D(#352,#353,#354);
#354=IFCDIRECTION((1.,0.,0.));
#353=IFCDIRECTION((0.,0.,1.));
#352=IFCCARTESIANPOINT((0.,0.,0.));
#351=IFCRECTANGLEPROFILEDEF(.AREA.,$,#350,2.4352959999999997,3.6);
#350=IFCAXIS2PLACEMENT2D(#349,$);
#349=IFCCARTESIANPOINT((1.2176479999999998,1.8));
#348=IFCLOCALPLACEMENT(#106,#347);
#347=IFCAXIS2PLACEMENT3D(#344,#345,#346);
#346=IFCDIRECTION((5.551115123125784E-17,0.9950371904487804,0.09950371663308731));
#345=IFCDIRECTION((6.93889390390723E-18,-0.09950371663308728,0.9950371904487804));
#344=IFCCARTESIANPOINT((-0.116,-2.4431109999999974,-0.242321));
#343=IFCRELDEFINESBYPROPERTIES('19svEfhyLVLAWxcTUXLLRY',#6,$,$,(#333),#342);
#342=IFCELEMENTQUANTITY('18sv8MiCLGvwSxc4IYLLXr',#6,'Qto_SlabBaseQuantities',$,'BaseQuantities',(#334,#335,#336,#337,#338,#339,#340,#341));
#341=IFCQUANTITYVOLUME('NetVolume',$,$,1.7534131199999998,$);
#340=IFCQUANTITYVOLUME('GrossVolume',$,$,1.7534131199999998,$);
#339=IFCQUANTITYAREA('NetArea',$,$,8.767065599999999,$);
#338=IFCQUANTITYAREA('GrossArea',$,$,8.767065599999999,$);
#337=IFCQUANTITYLENGTH('Perimeter',$,$,12.070592,$);
#336=IFCQUANTITYLENGTH('Depth',$,$,0.2,$);
#335=IFCQUANTITYLENGTH('Length',$,$,2.4352959999999997,$);
#334=IFCQUANTITYLENGTH('Width',$,$,3.6,$);
#333=IFCSLAB('1nLXXusA1GzwmPU6hv$A_n',#6,'Slab 2',$,$,#321,#332,$,$);
#332=IFCPRODUCTDEFINITIONSHAPE($,$,(#331));
#331=IFCSHAPEREPRESENTATION(#16,'Body','SweptSolid',(#330));
#330=IFCEXTRUDEDAREASOLID(#324,#328,#329,0.2);
#329=IFCDIRECTION((0.,0.,1.));
#328=IFCAXIS2PLACEMENT3D(#325,#326,#327);
#327=IFCDIRECTION((1.,0.,0.));
#326=IFCDIRECTION((0.,0.,1.));
#325=IFCCARTESIANPOINT((0.,0.,0.));
#324=IFCRECTANGLEPROFILEDEF(.AREA.,$,#323,2.4352959999999997,3.6);
#323=IFCAXIS2PLACEMENT2D(#322,$);
#322=IFCCARTESIANPOINT((1.2176479999999998,1.8));
#321=IFCLOCALPLACEMENT(#94,#320);
#320=IFCAXIS2PLACEMENT3D(#317,#318,#319);
#319=IFCDIRECTION((5.551115123125784E-17,0.9950371904487804,-0.09950371663308731));
#318=IFCDIRECTION((-6.93889390390723E-18,0.09950371663308728,0.9950371904487804));
#317=IFCCARTESIANPOINT((-0.116,2.4431109999999974,-0.242321));
#316=IFCRELDEFINESBYPROPERTIES('3UvxSh6hbRqgL7bv4SIKoG',#6,$,$,(#306),#315);
#315=IFCELEMENTQUANTITY('3VvxY_6RbQFw97ajWVIL59',#6,'Qto_SlabBaseQuantities',$,'BaseQuantities',(#307,#308,#309,#310,#311,#312,#313,#314));
#314=IFCQUANTITYVOLUME('NetVolume',$,$,1.868916672,$);
#313=IFCQUANTITYVOLUME('GrossVolume',$,$,1.868916672,$);
#312=IFCQUANTITYAREA('NetArea',$,$,33.373512,$);
#311=IFCQUANTITYAREA('GrossArea',$,$,33.373512,$);
#310=IFCQUANTITYLENGTH('Perimeter',$,$,26.554000000000002,$);
#309=IFCQUANTITYLENGTH('Depth',$,$,0.056,$);
#308=IFCQUANTITYLENGTH('Length',$,$,9.909,$);
#307=IFCQUANTITYLENGTH('Width',$,$,3.368,$);
#306=IFCSLAB('15r2eF2sLIIhs1E9dtXx_a',#6,'Slab 1',$,$,#294,#305,$,$);
#305=IFCPRODUCTDEFINITIONSHAPE($,$,(#304));
#304=IFCSHAPEREPRESENTATION(#16,'Body','SweptSolid',(#303));
#303=IFCEXTRUDEDAREASOLID(#297,#301,#302,0.056);
#302=IFCDIRECTION((0.,0.,1.));
#301=IFCAXIS2PLACEMENT3D(#298,#299,#300);
#300=IFCDIRECTION((1.,0.,0.));
#299=IFCDIRECTION((0.,0.,1.));
#298=IFCCARTESIANPOINT((0.,0.,0.));
#297=IFCRECTANGLEPROFILEDEF(.AREA.,$,#296,9.909,3.368);
#296=IFCAXIS2PLACEMENT2D(#295,$);
#295=IFCCARTESIANPOINT((4.9545,1.684));
#294=IFCLOCALPLACEMENT(#88,#293);
#293=IFCAXIS2PLACEMENT3D(#290,#291,#292);
#292=IFCDIRECTION((-1.,1.1102230246251565E-16,0.));
#291=IFCDIRECTION((0.,0.,1.));
#290=IFCCARTESIANPOINT((4.9455,-1.6750000000000036,-0.056));
#289=IFCRELDEFINESBYPROPERTIES('34aGYSD29NmOQXCDQonyt3',#6,$,$,(#278),#288);
#288=IFCELEMENTQUANTITY('35aGelCo9MBeUXCccnnymm',#6,'Qto_WallBaseQuantities',$,'BaseQuantities',(#279,#280,#281,#282,#283,#284,#285,#286,#287));
#287=IFCQUANTITYVOLUME('NetVolume',$,$,40.358124000000004,$);
#286=IFCQUANTITYVOLUME('GrossVolume',$,$,40.358124000000004,$);
#285=IFCQUANTITYAREA('NetSideArea',$,$,89.68472,$);
#284=IFCQUANTITYAREA('GrossSideArea',$,$,89.68472,$);
#283=IFCQUANTITYAREA('NetFootprintArea',$,$,9.,$);
#282=IFCQUANTITYAREA('GrossFootprintArea',$,$,9.,$);
#281=IFCQUANTITYLENGTH('Height',$,$,4.484236,$);
#280=IFCQUANTITYLENGTH('Width',$,$,0.45,$);
#279=IFCQUANTITYLENGTH('Length',$,$,20.,$);
#278=IFCWALL('1wLhmZ4IrNmBeGepNw0_iQ',#6,'Wall 4',$,$,#262,#277,$,$);
#277=IFCPRODUCTDEFINITIONSHAPE($,$,(#276,#272));
#276=IFCSHAPEREPRESENTATION(#16,'Axis','Curve2D',(#275));
#275=IFCPOLYLINE((#273,#274));
#274=IFCCARTESIANPOINT((20.,0.));
#273=IFCCARTESIANPOINT((0.,0.));
#272=IFCSHAPEREPRESENTATION(#16,'Body','SweptSolid',(#271));
#271=IFCEXTRUDEDAREASOLID(#263,#269,#270,20.);
#270=IFCDIRECTION((0.,0.,1.));
#269=IFCAXIS2PLACEMENT3D(#266,#267,#268);
#268=IFCDIRECTION((0.,1.,0.));
#267=IFCDIRECTION((1.,0.,0.));
#266=IFCCARTESIANPOINT((0.,0.,0.));
#263=IFCRECTANGLEPROFILEDEF(.AREA.,$,#265,0.45,4.484236);
#265=IFCAXIS2PLACEMENT2D(#264,$);
#264=IFCCARTESIANPOINT((0.,0.));
#262=IFCLOCALPLACEMENT(#142,#261);
#261=IFCAXIS2PLACEMENT3D(#258,#259,#260);
#260=IFCDIRECTION((-1.,1.1102230246251565E-16,0.));
#259=IFCDIRECTION((0.,0.,1.));
#258=IFCCARTESIANPOINT((10.000000000000004,2.2,3.290346));
#257=IFCRELDEFINESBYPROPERTIES('2wSAKpBYzQGf2LFY50m5w8',#6,$,$,(#246),#256);
#256=IFCELEMENTQUANTITY('2vSAEWBozRrO_LF8v1m60R',#6,'Qto_WallBaseQuantities',$,'BaseQuantities',(#247,#248,#249,#250,#251,#252,#253,#254,#255));
#255=IFCQUANTITYVOLUME('NetVolume',$,$,40.358124000000004,$);
#254=IFCQUANTITYVOLUME('GrossVolume',$,$,40.358124000000004,$);
#253=IFCQUANTITYAREA('NetSideArea',$,$,89.68472,$);
#252=IFCQUANTITYAREA('GrossSideArea',$,$,89.68472,$);
#251=IFCQUANTITYAREA('NetFootprintArea',$,$,9.,$);
#250=IFCQUANTITYAREA('GrossFootprintArea',$,$,9.,$);
#249=IFCQUANTITYLENGTH('Height',$,$,4.484236,$);
#248=IFCQUANTITYLENGTH('Width',$,$,0.45,$);
#247=IFCQUANTITYLENGTH('Length',$,$,20.,$);
#246=IFCWALL('1xLhss52rSURSGddpv0_c7',#6,'Wall 3',$,$,#230,#245,$,$);
#245=IFCPRODUCTDEFINITIONSHAPE($,$,(#244,#240));
#244=IFCSHAPEREPRESENTATION(#16,'Axis','Curve2D',(#243));
#243=IFCPOLYLINE((#241,#242));
#242=IFCCARTESIANPOINT((20.,0.));
#241=IFCCARTESIANPOINT((0.,0.));
#240=IFCSHAPEREPRESENTATION(#16,'Body','SweptSolid',(#239));
#239=IFCEXTRUDEDAREASOLID(#231,#237,#238,20.);
#238=IFCDIRECTION((0.,0.,1.));
#237=IFCAXIS2PLACEMENT3D(#234,#235,#236);
#236=IFCDIRECTION((0.,1.,0.));
#235=IFCDIRECTION((1.,0.,0.));
#234=IFCCARTESIANPOINT((0.,0.,0.));
#231=IFCRECTANGLEPROFILEDEF(.AREA.,$,#233,0.45,4.484236);
#233=IFCAXIS2PLACEMENT2D(#232,$);
#232=IFCCARTESIANPOINT((0.,0.));
#230=IFCLOCALPLACEMENT(#142,#229);
#229=IFCAXIS2PLACEMENT3D(#226,#227,#228);
#228=IFCDIRECTION((1.,0.,0.));
#227=IFCDIRECTION((0.,0.,1.));
#226=IFCCARTESIANPOINT((-10.,-2.2000000000000073,3.290346));
#225=IFCRELDEFINESBYPROPERTIES('1CU4REB35LiuwICkIokCCv',#6,$,$,(#214),#224);
#224=IFCELEMENTQUANTITY('1DU4XXAp5K88_ID7UnkC6c',#6,'Qto_WallBaseQuantities',$,'BaseQuantities',(#215,#216,#217,#218,#219,#220,#221,#222,#223));
#223=IFCQUANTITYVOLUME('NetVolume',$,$,40.358124000000004,$);
#222=IFCQUANTITYVOLUME('GrossVolume',$,$,40.358124000000004,$);
#221=IFCQUANTITYAREA('NetSideArea',$,$,89.68472,$);
#220=IFCQUANTITYAREA('GrossSideArea',$,$,89.68472,$);
#219=IFCQUANTITYAREA('NetFootprintArea',$,$,9.,$);
#218=IFCQUANTITYAREA('GrossFootprintArea',$,$,9.,$);
#217=IFCQUANTITYLENGTH('Height',$,$,4.484236,$);
#216=IFCQUANTITYLENGTH('Width',$,$,0.45,$);
#215=IFCQUANTITYLENGTH('Length',$,$,20.,$);
#214=IFCWALL('1Nh3y5sunJMfv4$NUdrRAy',#6,'Wall 2',$,$,#198,#213,$,$);
#213=IFCPRODUCTDEFINITIONSHAPE($,$,(#212,#208));
#212=IFCSHAPEREPRESENTATION(#16,'Axis','Curve2D',(#211));
#211=IFCPOLYLINE((#209,#210));
#210=IFCCARTESIANPOINT((20.,0.));
#209=IFCCARTESIANPOINT((0.,0.));
#208=IFCSHAPEREPRESENTATION(#16,'Body','SweptSolid',(#207));
#207=IFCEXTRUDEDAREASOLID(#199,#205,#206,20.);
#206=IFCDIRECTION((0.,0.,1.));
#205=IFCAXIS2PLACEMENT3D(#202,#203,#204);
#204=IFCDIRECTION((0.,1.,0.));
#203=IFCDIRECTION((1.,0.,0.));
#202=IFCCARTESIANPOINT((0.,0.,0.));
#199=IFCRECTANGLEPROFILEDEF(.AREA.,$,#201,0.45,4.484236);
#201=IFCAXIS2PLACEMENT2D(#200,$);
#200=IFCCARTESIANPOINT((0.,0.));
#198=IFCLOCALPLACEMENT(#118,#197);
#197=IFCAXIS2PLACEMENT3D(#194,#195,#196);
#196=IFCDIRECTION((-1.,1.1102230246251565E-16,0.));
#195=IFCDIRECTION((0.,0.,1.));
#194=IFCCARTESIANPOINT((10.000000000000004,2.2000000000000073,3.290346));
#193=IFCRELDEFINESBYPROPERTIES('2p0hi_nObSBxN89g3oP5F9',#6,$,$,(#182),#192);
#192=IFCELEMENTQUANTITY('2q0hpHn8bQdBR8A3FnP58s',#6,'Qto_WallBaseQuantities',$,'BaseQuantities',(#183,#184,#185,#186,#187,#188,#189,#190,#191));
#191=IFCQUANTITYVOLUME('NetVolume',$,$,40.358124000000004,$);
#190=IFCQUANTITYVOLUME('GrossVolume',$,$,40.358124000000004,$);
#189=IFCQUANTITYAREA('NetSideArea',$,$,89.68472,$);
#188=IFCQUANTITYAREA('GrossSideArea',$,$,89.68472,$);
#187=IFCQUANTITYAREA('NetFootprintArea',$,$,9.,$);
#186=IFCQUANTITYAREA('GrossFootprintArea',$,$,9.,$);
#185=IFCQUANTITYLENGTH('Height',$,$,4.484236,$);
#184=IFCQUANTITYLENGTH('Width',$,$,0.45,$);
#183=IFCQUANTITYLENGTH('Length',$,$,20.,$);
#182=IFCWALL('1Kh3fCsenHnvz4$mggrRTr',#6,'Wall 1',$,$,#166,#181,$,$);
#181=IFCPRODUCTDEFINITIONSHAPE($,$,(#180,#176));
#180=IFCSHAPEREPRESENTATION(#16,'Axis','Curve2D',(#179));
#179=IFCPOLYLINE((#177,#178));
#178=IFCCARTESIANPOINT((20.,0.));
#177=IFCCARTESIANPOINT((0.,0.));
#176=IFCSHAPEREPRESENTATION(#16,'Body','SweptSolid',(#175));
#175=IFCEXTRUDEDAREASOLID(#167,#173,#174,20.);
#174=IFCDIRECTION((0.,0.,1.));
#173=IFCAXIS2PLACEMENT3D(#170,#171,#172);
#172=IFCDIRECTION((0.,1.,0.));
#171=IFCDIRECTION((1.,0.,0.));
#170=IFCCARTESIANPOINT((0.,0.,0.));
#167=IFCRECTANGLEPROFILEDEF(.AREA.,$,#169,0.45,4.484236);
#169=IFCAXIS2PLACEMENT2D(#168,$);
#168=IFCCARTESIANPOINT((0.,0.));
#166=IFCLOCALPLACEMENT(#118,#165);
#165=IFCAXIS2PLACEMENT3D(#162,#163,#164);
#164=IFCDIRECTION((1.,0.,0.));
#163=IFCDIRECTION((0.,0.,1.));
#162=IFCCARTESIANPOINT((-9.999999999999996,-2.1999999999999926,3.290346));
#161=IFCBRIDGEPART('0swBh_YNjJ3wNuhtWPqRIv',#6,'Rail bridge pier',$,$,#160,$,$,.ELEMENT.,.VERTICAL.,.PIER.);
#160=IFCLOCALPLACEMENT(#148,#159);
#159=IFCAXIS2PLACEMENT3D(#156,#157,#158);
#158=IFCDIRECTION((1.,0.,0.));
#157=IFCDIRECTION((0.,0.,1.));
#156=IFCCARTESIANPOINT((4.9999999999999964,-2.2000000000000073,-0.49));
#155=IFCBRIDGEPART('0rwBbhYdjKegZuj34MqR00',#6,'Rail bridge pier',$,$,#154,$,$,.ELEMENT.,.VERTICAL.,.PIER.);
#154=IFCLOCALPLACEMENT(#148,#153);
#153=IFCAXIS2PLACEMENT3D(#150,#151,#152);
#152=IFCDIRECTION((1.,0.,0.));
#151=IFCDIRECTION((0.,0.,1.));
#150=IFCCARTESIANPOINT((-5.,-2.2000000000000073,-0.49));
#149=IFCBRIDGEPART('2GR8n8umDV1PVvExv0CRqp',#6,'Rail bridge substructure',$,$,#148,$,$,.ELEMENT.,.REGION.,.SUBSTRUCTURE.);
#148=IFCLOCALPLACEMENT(#52,#147);
#147=IFCAXIS2PLACEMENT3D(#144,#145,#146);
#146=IFCDIRECTION((0.,-1.,0.));
#145=IFCDIRECTION((0.,0.,1.));
#144=IFCCARTESIANPOINT((0.,0.,0.));
#143=IFCBRIDGEPART('3gHA6BpnrKCfNS9c7_tMh8',#6,'Rail arch superstructure',$,$,#142,$,$,.ELEMENT.,.LONGITUDINAL.,.SUPERSTRUCTURE.);
#142=IFCLOCALPLACEMENT(#52,#141);
#141=IFCAXIS2PLACEMENT3D(#138,#139,#140);
#140=IFCDIRECTION((0.,-1.,0.));
#139=IFCDIRECTION((0.,0.,1.));
#138=IFCCARTESIANPOINT((0.,0.,0.));
#137=IFCBRIDGEPART('1x4EbevbPHUOwNMth4Acfp',#6,'Rail bridge pier',$,$,#136,$,$,.ELEMENT.,.VERTICAL.,.PIER.);
#136=IFCLOCALPLACEMENT(#124,#135);
#135=IFCAXIS2PLACEMENT3D(#132,#133,#134);
#134=IFCDIRECTION((1.,0.,0.));
#133=IFCDIRECTION((0.,0.,1.));
#132=IFCCARTESIANPOINT((5.0000000000000036,-2.1999999999999926,-0.49));
#131=IFCBRIDGEPART('1_4EuXurPSm8sNMUV5Acm6',#6,'Rail bridge pier',$,$,#130,$,$,.ELEMENT.,.VERTICAL.,.PIER.);
#130=IFCLOCALPLACEMENT(#124,#129);
#129=IFCAXIS2PLACEMENT3D(#126,#127,#128);
#128=IFCDIRECTION((1.,0.,0.));
#127=IFCDIRECTION((0.,0.,1.));
#126=IFCCARTESIANPOINT((-5.,-2.2,-0.49));
#125=IFCBRIDGEPART('3DrlYkhePOyuVj$4m9xc_H',#6,'Rail bridge substructure',$,$,#124,$,$,.ELEMENT.,.REGION.,.SUBSTRUCTURE.);
#124=IFCLOCALPLACEMENT(#46,#123);
#123=IFCAXIS2PLACEMENT3D(#120,#121,#122);
#122=IFCDIRECTION((0.,-1.,0.));
#121=IFCDIRECTION((0.,0.,1.));
#120=IFCCARTESIANPOINT((0.,0.,0.));
#119=IFCBRIDGEPART('3sdEFHZVPMY8UXRjTKkDwc',#6,'Rail arch superstructure',$,$,#118,$,$,.ELEMENT.,.LONGITUDINAL.,.SUPERSTRUCTURE.);
#118=IFCLOCALPLACEMENT(#46,#117);
#117=IFCAXIS2PLACEMENT3D(#114,#115,#116);
#116=IFCDIRECTION((0.,-1.,0.));
#115=IFCDIRECTION((0.,0.,1.));
#114=IFCCARTESIANPOINT((0.,0.,0.));
#113=IFCBRIDGEPART('12lsZWYmjRMRD2CgQqgreN',#6,'Road bridge abutment',$,$,#112,$,$,.ELEMENT.,.VERTICAL.,.ABUTMENT.);
#112=IFCLOCALPLACEMENT(#106,#111);
#111=IFCAXIS2PLACEMENT3D(#108,#109,#110);
#110=IFCDIRECTION((1.,0.,0.));
#109=IFCDIRECTION((0.,0.,1.));
#108=IFCCARTESIANPOINT((-0.11599999999999819,-0.175,-0.756));
#107=IFCBRIDGEPART('27BniTk3PT4h3IAoFkExA0',#6,'Road bridge approach',$,$,#106,$,$,.ELEMENT.,.LONGITUDINAL.,.SURFACESTRUCTURE.);
#106=IFCLOCALPLACEMENT(#40,#105);
#105=IFCAXIS2PLACEMENT3D(#102,#103,#104);
#104=IFCDIRECTION((0.,1.,0.));
#103=IFCDIRECTION((0.,0.,1.));
#102=IFCCARTESIANPOINT((4.9455,-1.684,0.));
#101=IFCBRIDGEPART('1C_8qRlnvKOg$_cTq_8aSi',#6,'Road bridge abutment',$,$,#100,$,$,.ELEMENT.,.VERTICAL.,.ABUTMENT.);
#100=IFCLOCALPLACEMENT(#94,#99);
#99=IFCAXIS2PLACEMENT3D(#96,#97,#98);
#98=IFCDIRECTION((1.,0.,0.));
#97=IFCDIRECTION((0.,0.,1.));
#96=IFCCARTESIANPOINT((-0.116,0.175,-0.756));
#95=IFCBRIDGEPART('24BnPajpPRVx7IBBRnExSv',#6,'Road bridge approach',$,$,#94,$,$,.ELEMENT.,.LONGITUDINAL.,.SURFACESTRUCTURE.);
#94=IFCLOCALPLACEMENT(#40,#93);
#93=IFCAXIS2PLACEMENT3D(#90,#91,#92);
#92=IFCDIRECTION((0.,1.,0.));
#91=IFCDIRECTION((0.,0.,1.));
#90=IFCCARTESIANPOINT((-4.9454999999999965,-1.684,0.));
#89=IFCBRIDGEPART('2tedBzSO1HcBi5tdUMVDcI',#6,'Road bridge deck',$,$,#88,$,$,.ELEMENT.,.REGION.,.DECK.);
#88=IFCLOCALPLACEMENT(#40,#87);
#87=IFCAXIS2PLACEMENT3D(#84,#85,#86);
#86=IFCDIRECTION((1.,0.,0.));
#85=IFCDIRECTION((0.,0.,1.));
#84=IFCCARTESIANPOINT((0.,0.,0.));
#83=IFCBRIDGEPART('07$5dyI9LOIRs$ZSONHaDx',#6,'Road bridge superstructure',$,$,#82,$,$,.ELEMENT.,.LONGITUDINAL.,.SUPERSTRUCTURE.);
#82=IFCLOCALPLACEMENT(#40,#81);
#81=IFCAXIS2PLACEMENT3D(#78,#79,#80);
#80=IFCDIRECTION((1.,0.,0.));
#79=IFCDIRECTION((0.,0.,1.));
#78=IFCCARTESIANPOINT((0.,0.,0.));
#77=IFCBRIDGEPART('27JJWw5DzIeuhSye1u4m11',#6,'Road pier',$,$,#76,$,$,.ELEMENT.,.VERTICAL.,.PIER.);
#76=IFCLOCALPLACEMENT(#58,#75);
#75=IFCAXIS2PLACEMENT3D(#72,#73,#74);
#74=IFCDIRECTION((5.551115123125783E-17,-1.,0.));
#73=IFCDIRECTION((0.,0.,1.));
#72=IFCCARTESIANPOINT((4.8455,0.,0.));
#71=IFCBRIDGEPART('28JJdD4zzH48lSz1Dt4lwk',#6,'Road pier',$,$,#70,$,$,.ELEMENT.,.VERTICAL.,.PIER.);
#70=IFCLOCALPLACEMENT(#58,#69);
#69=IFCAXIS2PLACEMENT3D(#66,#67,#68);
#68=IFCDIRECTION((5.551115123125783E-17,-1.,0.));
#67=IFCDIRECTION((0.,0.,1.));
#66=IFCCARTESIANPOINT((0.,0.,0.));
#65=IFCBRIDGEPART('25JJKK5jzLoOpSzQPs4lqR',#6,'Road pier',$,$,#64,$,$,.ELEMENT.,.VERTICAL.,.PIER.);
#64=IFCLOCALPLACEMENT(#58,#63);
#63=IFCAXIS2PLACEMENT3D(#60,#61,#62);
#62=IFCDIRECTION((0.,1.,0.));
#61=IFCDIRECTION((0.,0.,1.));
#60=IFCCARTESIANPOINT((-4.7955,0.,0.));
#59=IFCBRIDGEPART('1O$WFFbCbJvfrZpB5sLfWu',#6,'Road bridge substructure',$,$,#58,$,$,.ELEMENT.,.REGION.,.SUBSTRUCTURE.);
#58=IFCLOCALPLACEMENT(#40,#57);
#57=IFCAXIS2PLACEMENT3D(#54,#55,#56);
#56=IFCDIRECTION((1.,0.,0.));
#55=IFCDIRECTION((0.,0.,1.));
#54=IFCCARTESIANPOINT((0.,0.,0.));
#53=IFCBRIDGE('0tFUCAkXvMsP31fl2ddM6t',#6,'Rail bridge',$,$,#52,$,$,.ELEMENT.,.ARCHED.);
#52=IFCLOCALPLACEMENT(#34,#51);
#51=IFCAXIS2PLACEMENT3D(#48,#49,#50);
#50=IFCDIRECTION((1.,0.,0.));
#49=IFCDIRECTION((0.,0.,1.));
#48=IFCCARTESIANPOINT((0.,0.,0.));
#47=IFCBRIDGE('1LpxEWbunVzxFyKVx10XVr',#6,'Rail bridge',$,$,#46,$,$,.ELEMENT.,.ARCHED.);
#46=IFCLOCALPLACEMENT(#28,#45);
#45=IFCAXIS2PLACEMENT3D(#42,#43,#44);
#44=IFCDIRECTION((1.,0.,0.));
#43=IFCDIRECTION((0.,0.,1.));
#42=IFCCARTESIANPOINT((0.,0.,0.));
#41=IFCBRIDGE('0IAVAJSyzSkBvYdnLkINtw',#6,'Road river bridge',$,$,#40,$,$,.ELEMENT.,.GIRDER.);
#40=IFCLOCALPLACEMENT(#22,#39);
#39=IFCAXIS2PLACEMENT3D(#36,#37,#38);
#38=IFCDIRECTION((0.,-1.,0.));
#37=IFCDIRECTION((0.,0.,1.));
#36=IFCCARTESIANPOINT((0.,0.,0.242321));
#35=IFCSITE('0zqdrW4RLLcR6rhbBeiQXh',#6,'Rail bridge site 02',$,$,#34,$,$,.ELEMENT.,$,$,$,$,$);
#34=IFCLOCALPLACEMENT($,#33);
#33=IFCAXIS2PLACEMENT3D(#30,#31,#32);
#32=IFCDIRECTION((0.5000000000000001,0.8660254037844386,0.));
#31=IFCDIRECTION((0.,0.,1.));
#30=IFCCARTESIANPOINT((34.641016,40.,0.));
#29=IFCSITE('10qe8P3hLGuB2rhB$fiQd_',#6,'Rail bridge site 01',$,$,#28,$,$,.ELEMENT.,$,$,$,$,$);
#28=IFCLOCALPLACEMENT($,#27);
#27=IFCAXIS2PLACEMENT3D(#24,#25,#26);
#26=IFCDIRECTION((0.5000000000000001,0.8660254037844386,0.));
#25=IFCDIRECTION((0.,0.,1.));
#24=IFCCARTESIANPOINT((17.320508,50.,0.));
#23=IFCSITE('2nNGx9SuTGyfWpjyzVP2YO',#6,'Road river bridge site',$,$,#22,$,$,.ELEMENT.,$,$,$,$,$);
#22=IFCLOCALPLACEMENT($,#21);
#21=IFCAXIS2PLACEMENT3D(#18,#19,#20);
#20=IFCDIRECTION((-0.49999999999999983,0.8660254037844388,0.));
#19=IFCDIRECTION((0.,0.,1.));
#18=IFCCARTESIANPOINT((17.320508,30.,0.));
#17=IFCPROJECT('1kTTxmaN9IJuwtKiwGUwDL',#6,'infra-bridge',$,$,$,$,(#11),#10);
#16=IFCGEOMETRICREPRESENTATIONSUBCONTEXT('Body','Model',*,*,*,*,#11,$,.MODEL_VIEW.,$);
#11=IFCGEOMETRICREPRESENTATIONCONTEXT($,'Model',3,1.E-05,#15,$);
#15=IFCAXIS2PLACEMENT3D(#12,#13,#14);
#14=IFCDIRECTION((1.,0.,0.));
#13=IFCDIRECTION((0.,0.,1.));
#10=IFCUNITASSIGNMENT((#7,#8,#9));
#9=IFCSIUNIT(*,.VOLUMEUNIT.,$,.CUBIC_METRE.);
#8=IFCSIUNIT(*,.AREAUNIT.,$,.SQUARE_METRE.);
#7=IFCSIUNIT(*,.LENGTHUNIT.,$,.METRE.);
#6=IFCOWNERHISTORY(#5,#3,$,.NOTDEFINED.,$,$,$,0);
#5=IFCPERSONANDORGANIZATION(#4,#1,$);
#4=IFCPERSON('unknown',$,$,$,$,$,$,$);
#3=IFCAPPLICATION(#2,'0','infra-bridge','infra-bridge');
#2=IFCORGANIZATION($,'infra-bridge',$,$,$);
#12=IFCCARTESIANPOINT((0.,0.,0.));
#1=IFCORGANIZATION($,'Unknown',$,$,$);
ENDSEC;
END-ISO-10303-21;